WAFER_ID,WAFER_SEQ,CHAMBER,STAGE,USAGE_OF_POLISHING_TABLE,USAGE_OF_DRESSER,PAD_GROOVE_DEPTH_UM,PRESS_DOWNFORCE_Z1,PRESS_DOWNFORCE_Z2,PRESS_DOWNFORCE_Z3,PRESS_RETAINING_RING,ROTATION_TABLE_RPM,ROTATION_HEAD_RPM,FLOW_RATE_SLURRY,CURRENT_TABLE_MOTOR,TEMP_PAD,CONDITIONER_DOWNFORCE,RemovalRate,IS_SYNTHETIC
W1_0001,1,Chamber 1,Stage A,1,4.1,1199.3,3.815,3.72,3.667,5.206,91.91,85.91,223.16,19.48,42.68,8.62,2568.4,True
W1_0002,2,Chamber 1,Stage A,2,4.2,1197.1,3.743,3.672,3.631,5.079,92.13,85.64,217.18,19.34,42.37,8.72,2529.6,True
W1_0003,3,Chamber 1,Stage A,3,4.3,1189.7,3.765,3.735,3.63,5.115,91.76,86.74,219.97,19.68,42.54,8.34,2537.5,True
W1_0004,4,Chamber 1,Stage B,4,4.4,1191.9,2.406,2.374,2.309,3.234,64.88,59.41,158.56,16.34,33.09,8.43,1143.4,True
W1_0005,5,Chamber 1,Stage A,5,4.5,1195.0,3.78,3.742,3.679,5.177,91.66,85.88,220.66,19.4,42.4,8.65,2550.9,True
W1_0006,6,Chamber 1,Stage A,6,4.6,1188.9,3.841,3.722,3.678,5.148,91.74,86.14,223.08,19.85,42.49,8.49,2584.0,True
W1_0007,7,Chamber 1,Stage A,7,4.7,1188.8,3.803,3.664,3.641,5.148,92.59,85.79,218.38,19.59,42.98,8.42,2566.9,True
W1_0008,8,Chamber 1,Stage B,8,4.8,1183.6,2.429,2.331,2.294,3.22,64.41,60.12,160.52,16.4,32.32,8.5,1128.8,True
W1_0009,9,Chamber 1,Stage A,9,4.9,1185.0,3.795,3.736,3.705,5.139,92.1,85.97,216.16,19.58,43.48,8.5,2586.7,True
W1_0010,10,Chamber 1,Stage A,10,5.0,1181.5,3.765,3.758,3.671,5.17,91.64,86.56,217.2,19.76,43.13,8.59,2574.8,True
W1_0011,11,Chamber 1,Stage A,11,5.1,1175.4,3.753,3.726,3.616,5.154,91.63,86.62,218.43,19.64,42.41,8.45,2570.6,True
W1_0012,12,Chamber 1,Stage B,12,5.2,1177.3,2.406,2.36,2.327,3.178,64.47,60.21,160.59,16.51,32.67,8.54,1145.0,True
W1_0013,13,Chamber 1,Stage A,13,5.3,1177.6,3.856,3.738,3.612,5.163,91.61,86.31,222.32,19.76,43.1,8.38,2600.0,True
W1_0014,14,Chamber 1,Stage A,14,5.4,1173.5,3.777,3.697,3.624,5.126,92.14,86.11,221.65,19.96,42.92,8.5,2560.5,True
W1_0015,15,Chamber 1,Stage A,15,5.5,1175.9,3.768,3.738,3.641,5.166,92.19,85.97,218.31,19.52,42.65,8.27,2541.3,True
W1_0016,16,Chamber 1,Stage B,16,5.6,1175.7,2.412,2.325,2.309,3.243,64.54,60.14,161.12,16.41,32.51,8.66,1139.9,True
W1_0017,17,Chamber 1,Stage A,17,5.7,1181.2,3.815,3.84,3.665,5.187,92.38,86.26,219.37,19.5,42.52,8.61,2606.2,True
W1_0018,18,Chamber 1,Stage A,18,5.8,1167.7,3.744,3.745,3.6,5.106,92.44,86.03,217.84,19.62,42.5,8.39,2549.4,True
W1_0019,19,Chamber 1,Stage A,19,5.9,1166.8,3.864,3.743,3.587,5.139,91.74,86.34,218.41,19.49,43.03,8.48,2561.6,True
W1_0020,20,Chamber 1,Stage B,20,6.0,1170.1,2.38,2.405,2.316,3.177,65.37,60.85,162.06,16.4,33.21,8.27,1160.8,True
W1_0021,21,Chamber 1,Stage A,21,6.1,1170.0,3.772,3.722,3.551,5.079,91.9,85.5,223.26,19.56,42.17,8.29,2501.4,True
W1_0022,22,Chamber 1,Stage A,22,6.2,1155.9,3.8,3.695,3.662,5.14,91.76,86.03,219.23,19.47,43.2,8.52,2584.3,True
W1_0023,23,Chamber 1,Stage A,23,6.3,1165.3,3.795,3.742,3.656,5.099,91.92,85.8,218.82,19.67,42.46,8.63,2563.4,True
W1_0024,24,Chamber 1,Stage B,24,6.4,1164.8,2.419,2.327,2.287,3.277,65.24,59.99,160.23,16.4,32.84,8.69,1129.7,True
W1_0025,25,Chamber 1,Stage A,25,6.5,1154.7,3.825,3.748,3.687,5.131,92.27,85.88,220.65,19.51,42.89,8.48,2610.7,True
W1_0026,26,Chamber 1,Stage A,26,6.6,1155.8,3.764,3.759,3.672,5.161,92.25,86.0,218.21,19.46,42.63,8.51,2551.9,True
W1_0027,27,Chamber 1,Stage A,27,6.7,1156.7,3.812,3.707,3.623,5.142,92.1,85.8,219.06,19.28,41.53,8.53,2543.5,True
W1_0028,28,Chamber 1,Stage B,28,6.8,1155.4,2.444,2.378,2.299,3.239,64.6,59.99,159.42,16.58,32.84,8.55,1137.9,True
W1_0029,29,Chamber 1,Stage A,29,6.9,1155.6,3.821,3.712,3.655,5.131,92.04,85.69,220.05,19.9,43.3,8.57,2542.4,True
W1_0030,30,Chamber 1,Stage A,30,7.0,1148.2,3.806,3.79,3.624,5.088,91.76,85.15,218.95,19.72,42.62,8.39,2562.5,True
W1_0031,31,Chamber 1,Stage A,31,7.1,1148.9,3.773,3.739,3.608,5.222,92.47,85.81,216.57,19.34,42.77,8.7,2535.4,True
W1_0032,32,Chamber 1,Stage B,32,7.2,1144.2,2.401,2.338,2.323,3.187,64.94,60.05,161.03,16.52,32.13,8.61,1137.6,True
W1_0033,33,Chamber 1,Stage A,33,7.3,1149.8,3.847,3.727,3.683,5.133,92.82,86.7,219.5,19.59,43.41,8.65,2602.4,True
W1_0034,34,Chamber 1,Stage A,34,7.4,1143.8,3.747,3.689,3.587,5.117,92.29,86.6,220.15,19.31,41.33,8.74,2533.6,True
W1_0035,35,Chamber 1,Stage A,35,7.5,1140.1,3.738,3.721,3.609,5.163,92.15,85.62,218.97,19.35,42.55,8.34,2530.1,True
W1_0036,36,Chamber 1,Stage B,36,7.6,1143.6,2.376,2.349,2.273,3.212,64.52,60.79,160.07,16.42,32.7,8.4,1132.6,True
W1_0037,37,Chamber 1,Stage A,37,7.7,1138.4,3.784,3.707,3.64,5.015,91.39,86.55,223.29,19.86,42.68,8.46,2554.1,True
W1_0038,38,Chamber 1,Stage A,38,7.8,1133.9,3.771,3.676,3.654,5.092,91.43,85.74,217.84,19.7,42.57,8.75,2519.7,True
W1_0039,39,Chamber 1,Stage A,39,7.9,1133.3,3.846,3.74,3.617,5.12,91.65,85.45,221.85,19.28,42.09,8.79,2532.9,True
W1_0040,40,Chamber 1,Stage B,40,8.0,1137.0,2.374,2.353,2.279,3.254,64.98,59.9,158.18,16.36,32.95,8.41,1121.3,True
W1_0041,41,Chamber 1,Stage A,41,8.1,1132.1,3.75,3.74,3.628,5.159,91.69,85.28,216.74,19.54,42.08,8.51,2492.2,True
W1_0042,42,Chamber 1,Stage A,42,8.2,1127.5,3.764,3.704,3.649,5.087,91.85,86.4,218.85,19.5,42.13,8.63,2496.8,True
W1_0043,43,Chamber 1,Stage A,43,8.3,1130.6,3.817,3.718,3.659,5.1,92.03,85.94,222.34,19.5,42.46,8.54,2541.1,True
W1_0044,44,Chamber 1,Stage B,44,8.4,1134.1,2.387,2.361,2.366,3.284,64.87,60.48,159.18,16.38,32.09,8.19,1139.5,True
W1_0045,45,Chamber 1,Stage A,45,8.5,1126.5,3.81,3.717,3.673,5.019,92.09,86.31,217.04,19.63,42.5,8.67,2586.2,True
W1_0046,46,Chamber 1,Stage A,46,8.6,1120.2,3.807,3.71,3.623,5.172,91.66,86.03,219.04,19.46,42.76,8.57,2524.0,True
W1_0047,47,Chamber 1,Stage A,47,8.7,1125.1,3.787,3.735,3.671,5.084,92.35,86.54,220.83,19.27,41.88,8.78,2578.4,True
W1_0048,48,Chamber 1,Stage B,48,8.8,1126.2,2.398,2.36,2.27,3.362,65.05,60.04,161.45,16.49,32.49,8.57,1150.8,True
W1_0049,49,Chamber 1,Stage A,49,8.9,1122.4,3.848,3.709,3.618,5.124,92.02,86.44,216.62,19.39,42.26,8.73,2518.6,True
W1_0050,50,Chamber 1,Stage A,50,9.0,1120.3,3.802,3.685,3.609,5.113,92.67,85.9,216.99,19.44,41.43,8.46,2523.2,True
W1_0051,51,Chamber 1,Stage A,51,9.1,1115.7,3.855,3.758,3.64,5.075,93.03,86.02,220.03,19.53,42.65,8.5,2561.0,True
W1_0052,52,Chamber 1,Stage B,52,9.2,1111.1,2.384,2.331,2.307,3.227,65.6,58.94,162.18,16.28,32.22,8.69,1094.4,True
W1_0053,53,Chamber 1,Stage A,53,9.3,1115.4,3.767,3.777,3.676,5.194,92.29,85.55,218.95,19.35,42.22,8.57,2536.4,True
W1_0054,54,Chamber 1,Stage A,54,9.4,1115.1,3.813,3.713,3.683,5.076,92.25,86.24,219.38,19.36,42.31,8.55,2539.8,True
W1_0055,55,Chamber 1,Stage A,55,9.5,1109.1,3.779,3.682,3.601,5.16,91.49,86.7,215.84,19.4,42.25,8.75,2514.1,True
W1_0056,56,Chamber 1,Stage B,56,9.6,1109.0,2.433,2.355,2.309,3.222,64.98,60.12,156.58,16.47,32.92,8.3,1129.7,True
W1_0057,57,Chamber 1,Stage A,57,9.7,1098.6,3.784,3.701,3.654,5.081,92.16,85.32,222.06,19.64,42.64,8.57,2531.2,True
W1_0058,58,Chamber 1,Stage A,58,9.8,1108.5,3.762,3.705,3.649,5.156,91.71,86.07,218.49,19.15,41.47,8.41,2497.7,True
W1_0059,59,Chamber 1,Stage A,59,9.9,1102.5,3.772,3.803,3.663,5.139,91.66,86.28,218.85,19.91,43.32,8.52,2530.9,True
W1_0060,60,Chamber 1,Stage B,60,10.0,1103.5,2.453,2.333,2.358,3.275,64.78,60.25,161.95,16.36,32.32,8.59,1134.0,True
W1_0061,61,Chamber 1,Stage A,61,10.1,1100.4,3.805,3.684,3.659,5.161,92.22,86.43,195.67,19.52,41.84,8.57,2528.4,True
W1_0062,62,Chamber 1,Stage A,62,10.2,1096.5,3.762,3.692,3.68,5.128,92.27,86.01,194.06,19.36,42.14,8.64,2509.1,True
W1_0063,63,Chamber 1,Stage A,63,10.3,1096.4,3.807,3.71,3.686,5.085,91.93,85.82,196.89,19.62,42.26,8.53,2536.4,True
W1_0064,64,Chamber 1,Stage B,64,10.4,1090.7,2.432,2.336,2.346,3.355,64.85,59.82,136.91,16.39,32.52,8.74,1101.6,True
W1_0065,65,Chamber 1,Stage A,65,10.5,1093.4,3.77,3.701,3.647,5.142,92.62,85.6,195.97,19.33,42.44,8.47,2515.1,True
W1_0066,66,Chamber 1,Stage A,66,10.6,1093.0,3.815,3.733,3.722,5.098,91.79,85.75,192.89,19.57,43.26,8.4,2519.3,True
W1_0067,67,Chamber 1,Stage A,67,10.7,1088.7,3.783,3.743,3.654,5.054,92.62,86.72,192.77,19.61,42.65,8.44,2566.0,True
W1_0068,68,Chamber 1,Stage B,68,10.8,1092.0,2.376,2.311,2.282,3.238,65.72,59.79,134.45,16.41,33.55,8.5,1097.3,True
W1_0069,69,Chamber 1,Stage A,69,10.9,1085.5,3.82,3.779,3.666,5.112,92.24,86.44,195.64,19.79,43.23,8.58,2554.1,True
W1_0070,70,Chamber 1,Stage A,70,11.0,1093.2,3.804,3.76,3.623,5.148,91.84,86.01,196.56,19.54,41.9,8.53,2523.8,True
W1_0071,71,Chamber 1,Stage A,71,11.1,1083.4,3.791,3.731,3.655,5.209,91.96,86.11,195.22,19.52,42.19,8.53,2498.1,True
W1_0072,72,Chamber 1,Stage B,72,11.2,1079.2,2.379,2.388,2.258,3.212,65.15,60.63,133.87,16.3,32.54,8.42,1119.8,True
W1_0073,73,Chamber 1,Stage A,73,11.3,1079.4,3.769,3.745,3.655,5.102,91.49,86.35,195.3,19.5,42.58,8.49,2496.0,True
W1_0074,74,Chamber 1,Stage A,74,11.4,1083.2,3.807,3.717,3.659,5.067,92.58,85.97,196.23,19.57,42.67,8.55,2528.7,True
W1_0075,75,Chamber 1,Stage A,75,11.5,1074.5,3.806,3.745,3.645,5.202,91.73,86.72,193.92,19.57,42.18,8.29,2508.5,True
W1_0076,76,Chamber 1,Stage B,76,11.6,1078.1,2.343,2.338,2.231,3.161,65.3,60.31,134.85,16.26,32.53,8.35,1115.2,True
W1_0077,77,Chamber 1,Stage A,77,11.7,1078.5,3.793,3.725,3.654,5.028,91.9,85.73,192.0,19.58,43.04,8.46,2508.6,True
W1_0078,78,Chamber 1,Stage A,78,11.8,1068.5,3.828,3.726,3.629,5.165,92.16,86.36,195.27,19.43,42.51,8.66,2544.8,True
W1_0079,79,Chamber 1,Stage A,79,11.9,1069.8,3.852,3.73,3.628,5.106,91.87,86.17,195.05,19.63,42.93,8.41,2518.9,True
W1_0080,80,Chamber 1,Stage B,80,12.0,1072.2,2.404,2.37,2.273,3.227,64.33,60.16,135.29,16.33,32.48,8.43,1105.1,True
W1_0081,81,Chamber 1,Stage A,81,12.1,1068.3,3.851,3.71,3.68,5.128,91.93,86.35,195.3,19.59,43.3,8.26,2526.5,True
W1_0082,82,Chamber 1,Stage A,82,12.2,1060.2,3.808,3.707,3.628,5.129,92.47,86.22,193.26,18.95,41.58,8.62,2497.2,True
W1_0083,83,Chamber 1,Stage A,83,12.3,1069.1,3.761,3.759,3.634,5.147,91.98,86.19,194.15,19.39,42.41,8.31,2490.6,True
W1_0084,84,Chamber 1,Stage B,84,12.4,1061.3,2.426,2.342,2.294,3.224,65.83,60.15,134.86,16.42,32.66,8.65,1114.4,True
W1_0085,85,Chamber 1,Stage A,85,12.5,1064.2,3.822,3.726,3.67,5.126,92.03,85.2,195.83,19.75,41.69,8.55,2494.3,True
W1_0086,86,Chamber 1,Stage A,86,12.6,1057.9,3.769,3.742,3.616,5.099,92.77,85.92,194.43,19.52,42.42,8.63,2531.8,True
W1_0087,87,Chamber 1,Stage A,87,12.7,1057.7,3.806,3.756,3.681,5.189,92.26,85.54,223.27,19.49,42.17,8.33,2517.7,True
W1_0088,88,Chamber 1,Stage B,88,12.8,1055.3,2.413,2.4,2.318,3.228,65.39,60.48,157.54,16.62,32.78,8.59,1124.6,True
W1_0089,89,Chamber 1,Stage A,89,12.9,1050.4,3.795,3.724,3.615,5.058,92.64,85.66,218.02,19.51,41.54,8.18,2507.6,True
W1_0090,90,Chamber 1,Stage A,90,13.0,1054.9,3.868,3.753,3.638,5.005,92.92,85.44,216.71,19.81,43.64,8.65,2529.7,True
W1_0091,91,Chamber 1,Stage A,91,13.1,1053.5,3.823,3.732,3.651,5.127,91.7,85.89,216.61,19.33,41.51,8.49,2516.2,True
W1_0092,92,Chamber 1,Stage B,92,13.2,1050.0,2.353,2.322,2.332,3.191,64.91,60.22,158.06,16.36,32.18,8.52,1075.1,True
W1_0093,93,Chamber 1,Stage A,93,13.3,1040.9,3.799,3.741,3.655,5.198,92.05,85.83,220.24,19.36,42.22,8.58,2485.8,True
W1_0094,94,Chamber 1,Stage A,94,13.4,1046.1,3.852,3.687,3.627,5.094,92.36,85.88,222.5,19.67,42.02,8.4,2476.0,True
W1_0095,95,Chamber 1,Stage A,95,13.5,1040.0,3.819,3.736,3.642,5.124,92.02,85.94,221.93,19.36,41.58,8.83,2533.9,True
W1_0096,96,Chamber 1,Stage B,96,13.6,1038.5,2.449,2.402,2.287,3.268,65.65,59.85,159.59,16.27,32.37,8.41,1121.9,True
W1_0097,97,Chamber 1,Stage A,97,13.7,1042.2,3.807,3.677,3.658,5.172,91.2,86.15,222.46,19.49,42.74,8.32,2471.5,True
W1_0098,98,Chamber 1,Stage A,98,13.8,1037.0,3.802,3.74,3.62,5.138,91.43,85.96,218.19,19.59,42.82,8.39,2459.4,True
W1_0099,99,Chamber 1,Stage A,99,13.9,1029.3,3.836,3.728,3.718,5.15,92.08,85.88,220.27,19.46,42.84,8.48,2489.5,True
W1_0100,100,Chamber 1,Stage B,100,14.0,1036.3,2.415,2.319,2.239,3.259,66.0,60.0,161.68,16.36,32.83,8.51,1102.4,True
W1_0101,101,Chamber 1,Stage A,101,14.1,1038.9,3.78,3.754,3.643,5.092,92.21,85.64,220.06,19.52,42.64,8.5,2494.8,True
W1_0102,102,Chamber 1,Stage A,102,14.2,1023.8,3.817,3.724,3.609,5.077,91.88,85.76,219.63,19.49,42.21,8.51,2472.9,True
W1_0103,103,Chamber 1,Stage A,103,14.3,1028.5,3.772,3.72,3.612,5.16,92.61,86.49,219.57,19.36,42.06,8.72,2476.0,True
W1_0104,104,Chamber 1,Stage B,104,14.4,1021.2,2.405,2.357,2.304,3.262,65.48,60.38,157.03,16.44,32.39,8.12,1090.8,True
W1_0105,105,Chamber 1,Stage A,105,14.5,1031.5,3.816,3.747,3.631,5.0,91.78,86.16,217.04,19.42,42.29,8.53,2467.0,True
W1_0106,106,Chamber 1,Stage A,106,14.6,1029.3,3.795,3.723,3.62,5.108,91.65,85.93,223.42,19.17,41.88,8.29,2454.3,True
W1_0107,107,Chamber 1,Stage A,107,14.7,1025.3,3.782,3.779,3.668,5.106,92.86,85.76,221.48,19.59,43.17,8.54,2487.1,True
W1_0108,108,Chamber 1,Stage B,108,14.8,1024.7,2.38,2.412,2.308,3.222,65.07,59.46,158.06,16.42,32.18,8.68,1118.0,True
W1_0109,109,Chamber 1,Stage A,109,14.9,1020.4,3.83,3.701,3.605,5.205,91.87,85.9,222.66,19.36,42.81,8.58,2477.3,True
W1_0110,110,Chamber 1,Stage A,110,15.0,1017.4,3.808,3.77,3.663,5.157,92.43,85.85,218.32,19.1,42.13,8.34,2488.1,True
W1_0111,111,Chamber 1,Stage A,111,15.1,1017.6,3.809,3.748,3.674,5.101,91.93,86.11,219.5,19.54,42.56,8.74,2502.4,True
W1_0112,112,Chamber 1,Stage B,112,15.2,1008.2,2.361,2.364,2.284,3.214,65.23,60.5,160.04,16.73,32.9,8.55,1103.2,True
W1_0113,113,Chamber 1,Stage A,113,15.3,1008.8,3.823,3.735,3.687,5.164,91.94,85.51,219.58,19.51,42.09,8.37,2483.2,True
W1_0114,114,Chamber 1,Stage A,114,15.4,1010.4,3.813,3.76,3.63,5.123,92.01,85.69,221.3,19.39,41.95,8.48,2481.2,True
W1_0115,115,Chamber 1,Stage A,115,15.5,1016.4,3.852,3.712,3.655,5.177,91.43,85.3,216.95,19.25,42.57,8.69,2461.4,True
W1_0116,116,Chamber 1,Stage B,116,15.6,1012.4,2.46,2.414,2.34,3.291,65.24,60.31,158.9,16.41,32.71,8.38,1132.9,True
W1_0117,117,Chamber 1,Stage A,117,15.7,1011.8,3.803,3.768,3.614,5.12,91.71,85.25,219.83,19.42,42.68,8.48,2480.7,True
W1_0118,118,Chamber 1,Stage A,118,15.8,1004.7,3.817,3.717,3.619,5.111,92.44,86.75,223.09,19.1,41.76,8.43,2479.9,True
W1_0119,119,Chamber 1,Stage A,119,15.9,999.7,3.786,3.676,3.663,5.103,91.53,84.85,219.94,19.43,42.25,8.77,2436.7,True
W1_0120,120,Chamber 1,Stage B,120,16.0,1000.9,2.409,2.375,2.341,3.235,64.92,59.65,158.35,16.34,32.93,8.47,1120.3,True
W1_0121,121,Chamber 1,Stage A,121,16.1,1001.5,3.799,3.702,3.575,5.174,92.29,85.89,220.13,19.24,41.18,8.58,2421.5,True
W1_0122,122,Chamber 1,Stage A,122,16.2,1001.5,3.759,3.738,3.647,5.049,92.47,85.71,218.38,19.5,42.09,8.53,2460.4,True
W1_0123,123,Chamber 1,Stage A,123,16.3,997.1,3.805,3.713,3.623,5.134,91.57,84.83,220.87,19.11,40.68,8.64,2458.8,True
W1_0124,124,Chamber 1,Stage B,124,16.4,989.1,2.378,2.347,2.345,3.208,64.68,59.81,158.09,16.43,32.88,8.52,1082.1,True
W1_0125,125,Chamber 1,Stage A,125,16.5,1001.2,3.826,3.722,3.643,5.29,92.12,85.7,219.15,19.48,41.62,8.67,2445.3,True
W1_0126,126,Chamber 1,Stage A,126,16.6,993.8,3.832,3.711,3.686,5.133,92.34,86.19,218.31,19.48,42.39,8.4,2457.9,True
W1_0127,127,Chamber 1,Stage A,127,16.7,992.8,3.862,3.692,3.649,5.201,91.97,86.18,217.88,19.48,42.27,8.56,2498.4,True
W1_0128,128,Chamber 1,Stage B,128,16.8,986.4,2.41,2.358,2.293,3.257,64.88,60.07,162.64,16.42,33.11,8.35,1055.8,True
W1_0129,129,Chamber 1,Stage A,129,16.9,992.0,3.839,3.723,3.618,5.105,92.34,86.22,219.52,19.5,41.62,8.44,2453.0,True
W1_0130,130,Chamber 1,Stage A,130,17.0,984.5,3.846,3.754,3.635,5.15,91.99,85.64,220.65,19.53,42.31,8.32,2460.6,True
W1_0131,131,Chamber 1,Stage A,131,17.1,986.4,3.818,3.71,3.674,5.063,92.05,86.78,218.0,19.49,42.32,8.4,2470.5,True
W1_0132,132,Chamber 1,Stage B,132,17.2,981.8,2.433,2.364,2.297,3.274,65.76,59.95,158.05,16.48,31.94,8.67,1088.2,True
W1_0133,133,Chamber 1,Stage A,133,17.3,982.0,3.81,3.73,3.669,5.108,92.21,85.9,221.48,19.22,42.01,8.59,2465.5,True
W1_0134,134,Chamber 1,Stage A,134,17.4,978.2,3.855,3.717,3.638,5.129,91.88,86.32,216.77,19.43,41.93,8.34,2450.8,True
W1_0135,135,Chamber 1,Stage A,135,17.5,979.3,3.802,3.759,3.62,5.142,92.39,86.2,220.38,19.0,41.26,8.65,2423.3,True
W1_0136,136,Chamber 1,Stage B,136,17.6,974.9,2.441,2.348,2.333,3.321,65.53,60.66,161.48,16.25,32.33,8.51,1135.1,True
W1_0137,137,Chamber 1,Stage A,137,17.7,968.3,3.804,3.741,3.649,5.215,91.75,86.08,218.52,19.24,41.72,8.3,2429.7,True
W1_0138,138,Chamber 1,Stage A,138,17.8,975.0,3.798,3.679,3.671,5.134,91.42,85.88,218.5,19.47,41.73,8.55,2419.1,True
W1_0139,139,Chamber 1,Stage A,139,17.9,971.7,3.806,3.701,3.638,5.09,92.43,86.01,223.8,19.09,41.22,8.49,2412.9,True
W1_0140,140,Chamber 1,Stage B,140,18.0,965.1,2.415,2.305,2.331,3.216,65.06,60.64,161.79,16.26,31.75,8.46,1081.7,True
W1_0141,141,Chamber 1,Stage A,141,18.1,971.2,3.796,3.726,3.641,5.097,92.07,86.18,217.82,19.4,41.89,8.71,2437.6,True
W1_0142,142,Chamber 1,Stage A,142,18.2,961.6,3.809,3.706,3.659,5.073,92.04,85.99,219.58,19.14,41.08,8.48,2434.4,True
W1_0143,143,Chamber 1,Stage A,143,18.3,965.2,3.838,3.698,3.677,5.151,91.74,86.71,217.61,19.62,42.15,8.64,2440.8,True
W1_0144,144,Chamber 1,Stage B,144,18.4,961.5,2.408,2.348,2.328,3.28,64.3,60.52,156.68,16.39,32.36,8.65,1062.6,True
W1_0145,145,Chamber 1,Stage A,145,18.5,960.6,3.791,3.747,3.687,5.2,91.78,85.92,216.63,19.33,42.77,8.38,2425.9,True
W1_0146,146,Chamber 1,Stage A,146,18.6,965.5,3.808,3.7,3.661,5.106,91.99,86.22,220.01,19.29,41.83,8.43,2424.6,True
W1_0147,147,Chamber 1,Stage A,147,18.7,964.4,3.817,3.715,3.669,5.113,92.47,86.15,219.79,19.07,41.08,8.57,2441.5,True
W1_0148,148,Chamber 1,Stage B,148,18.8,956.8,2.467,2.371,2.319,3.15,64.78,59.68,158.76,16.44,31.89,8.47,1069.3,True
W1_0149,149,Chamber 1,Stage A,149,18.9,955.2,3.862,3.696,3.572,5.116,92.44,86.78,217.54,19.56,41.72,8.57,2406.7,True
W1_0150,150,Chamber 1,Stage A,150,19.0,952.3,3.814,3.757,3.651,5.145,91.84,86.11,219.31,19.3,41.91,8.59,2447.6,True
W1_0151,151,Chamber 1,Stage A,151,19.1,952.9,3.747,3.762,3.621,5.097,91.76,86.55,215.73,19.42,42.26,8.97,2418.0,True
W1_0152,152,Chamber 1,Stage B,152,19.2,947.6,2.419,2.369,2.307,3.23,64.94,59.92,162.27,16.24,32.24,8.59,1077.4,True
W1_0153,153,Chamber 1,Stage A,153,19.3,945.0,3.834,3.752,3.625,5.15,91.61,85.45,218.75,19.49,42.31,8.63,2420.4,True
W1_0154,154,Chamber 1,Stage A,154,19.4,945.3,3.813,3.748,3.671,5.189,92.28,86.14,222.14,19.19,41.61,8.5,2424.3,True
W1_0155,155,Chamber 1,Stage A,155,19.5,947.6,3.776,3.715,3.591,5.141,92.0,85.67,221.32,19.01,40.88,8.64,2376.5,True
W1_0156,156,Chamber 1,Stage B,156,19.6,947.6,2.394,2.344,2.244,3.272,64.5,60.02,160.55,16.28,31.25,8.7,1081.8,True
W1_0157,157,Chamber 1,Stage A,157,19.7,938.2,3.806,3.709,3.672,5.081,92.19,86.2,222.12,19.37,41.87,8.91,2393.9,True
W1_0158,158,Chamber 1,Stage A,158,19.8,938.1,3.788,3.708,3.653,5.089,92.45,86.0,219.98,19.24,42.13,8.45,2401.5,True
W1_0159,159,Chamber 1,Stage A,159,19.9,927.9,3.76,3.699,3.634,5.174,92.11,86.08,221.7,19.35,41.82,8.48,2385.8,True
W1_0160,160,Chamber 1,Stage B,160,20.0,934.2,2.396,2.395,2.332,3.288,65.49,60.04,160.39,16.49,32.69,8.41,1080.5,True
W1_0161,161,Chamber 1,Stage A,161,20.1,936.8,3.8,3.742,3.605,5.015,91.78,85.51,218.98,19.26,41.98,8.48,2395.6,True
W1_0162,162,Chamber 1,Stage A,162,20.2,939.3,3.766,3.755,3.646,5.164,91.57,85.38,221.64,19.28,41.11,8.56,2371.6,True
W1_0163,163,Chamber 1,Stage A,163,20.3,920.8,3.773,3.743,3.638,5.16,91.78,85.93,220.08,19.35,41.85,8.35,2380.6,True
W1_0164,164,Chamber 1,Stage B,164,20.4,929.5,2.394,2.424,2.328,3.239,64.89,60.01,161.09,16.51,32.93,8.32,1084.9,True
W1_0165,165,Chamber 1,Stage A,165,20.5,926.9,3.82,3.742,3.637,5.101,92.04,86.62,217.52,19.37,41.96,8.28,2417.9,True
W1_0166,166,Chamber 1,Stage A,166,20.6,924.8,3.845,3.676,3.623,5.125,91.34,85.93,223.32,19.23,41.37,8.5,2377.7,True
W1_0167,167,Chamber 1,Stage A,167,20.7,928.4,3.838,3.741,3.615,5.142,92.2,86.46,223.16,19.21,41.2,8.35,2418.1,True
W1_0168,168,Chamber 1,Stage B,168,20.8,928.3,2.398,2.342,2.309,3.198,65.84,59.36,160.37,16.32,32.39,8.8,1061.2,True
W1_0169,169,Chamber 1,Stage A,169,20.9,922.9,3.734,3.77,3.605,5.117,91.83,86.24,216.8,19.51,41.97,8.57,2371.5,True
W1_0170,170,Chamber 1,Stage A,170,21.0,919.5,3.801,3.705,3.663,5.22,91.92,86.29,217.41,19.38,42.38,8.36,2390.1,True
W1_0171,171,Chamber 1,Stage A,171,21.1,920.8,3.762,3.742,3.674,5.107,91.81,86.11,219.13,19.49,42.42,8.49,2382.5,True
W1_0172,172,Chamber 1,Stage B,172,21.2,919.1,2.395,2.333,2.344,3.311,64.76,59.25,162.02,16.46,31.92,8.4,1036.4,True
W1_0173,173,Chamber 1,Stage A,173,21.3,913.8,3.8,3.695,3.636,5.164,92.04,86.23,223.95,19.37,42.31,8.27,2365.0,True
W1_0174,174,Chamber 1,Stage A,174,21.4,914.5,3.828,3.72,3.693,5.057,92.0,85.5,220.73,19.28,40.86,8.63,2402.0,True
W1_0175,175,Chamber 1,Stage A,175,21.5,906.9,3.837,3.692,3.668,5.19,91.29,86.13,218.99,19.25,41.69,8.49,2383.6,True
W1_0176,176,Chamber 1,Stage B,176,21.6,908.6,2.367,2.372,2.27,3.273,65.19,59.31,158.64,16.32,32.05,8.68,1058.4,True
W1_0177,177,Chamber 1,Stage A,177,21.7,912.2,3.782,3.767,3.7,5.179,92.03,85.68,218.34,19.42,42.38,8.58,2373.3,True
W1_0178,178,Chamber 1,Stage A,178,21.8,908.3,3.77,3.712,3.656,5.23,93.24,86.24,219.63,19.59,42.02,8.58,2398.3,True
W1_0179,179,Chamber 1,Stage A,179,21.9,900.3,3.82,3.737,3.673,5.099,91.78,85.56,220.88,19.33,42.4,8.62,2394.3,True
W1_0180,180,Chamber 1,Stage B,180,22.0,900.4,2.388,2.373,2.329,3.225,64.97,59.39,159.29,16.37,32.65,8.63,1055.3,True
W1_0181,181,Chamber 1,Stage A,181,22.1,904.1,3.821,3.737,3.663,5.104,91.14,86.44,219.04,19.47,41.85,8.37,2390.5,True
W1_0182,182,Chamber 1,Stage A,182,22.2,905.8,3.759,3.76,3.656,5.112,92.06,85.29,220.82,19.22,40.71,8.35,2358.7,True
W1_0183,183,Chamber 1,Stage A,183,22.3,896.4,3.784,3.673,3.615,5.192,91.94,85.78,220.32,19.3,42.34,8.58,2330.2,True
W1_0184,184,Chamber 1,Stage B,184,22.4,892.7,2.408,2.323,2.275,3.257,64.98,60.01,158.48,16.38,32.47,8.47,1017.3,True
W1_0185,185,Chamber 1,Stage A,185,22.5,901.4,3.755,3.704,3.645,5.058,91.63,85.6,220.41,19.08,41.31,8.51,2343.3,True
W1_0186,186,Chamber 1,Stage A,186,22.6,894.5,3.84,3.685,3.673,5.171,91.54,86.33,223.08,19.2,41.68,8.33,2382.3,True
W1_0187,187,Chamber 1,Stage A,187,22.7,893.7,3.812,3.684,3.679,5.188,91.91,85.98,216.94,19.44,41.84,8.58,2362.4,True
W1_0188,188,Chamber 1,Stage B,188,22.8,892.6,2.369,2.351,2.299,3.251,64.85,59.95,161.65,16.38,32.62,8.43,1023.9,True
W1_0189,189,Chamber 1,Stage A,189,22.9,885.8,3.785,3.732,3.657,5.118,91.69,85.72,218.17,19.3,41.36,8.38,2380.2,True
W1_0190,190,Chamber 1,Stage A,190,23.0,885.7,3.807,3.739,3.662,5.134,92.3,86.19,217.52,19.39,41.84,8.63,2388.3,True
W1_0191,191,Chamber 1,Stage A,191,23.1,892.8,3.832,3.795,3.624,5.061,92.12,86.29,219.54,19.09,41.53,8.72,2410.4,True
W1_0192,192,Chamber 1,Stage B,192,23.2,886.5,2.377,2.336,2.33,3.221,64.98,60.01,156.16,16.44,32.11,8.5,1025.8,True
W1_0193,193,Chamber 1,Stage A,193,23.3,876.1,3.792,3.716,3.672,5.147,92.23,86.39,219.34,19.45,41.07,8.41,2387.6,True
W1_0194,194,Chamber 1,Stage A,194,23.4,891.8,3.76,3.738,3.664,5.157,91.9,85.95,220.66,18.91,40.75,8.51,2356.8,True
W1_0195,195,Chamber 1,Stage A,195,23.5,876.6,3.811,3.715,3.676,5.154,92.17,86.24,224.11,19.38,41.6,8.33,2355.2,True
W1_0196,196,Chamber 1,Stage B,196,23.6,874.3,2.391,2.381,2.332,3.178,65.02,59.72,157.48,16.37,33.09,8.47,1028.9,True
W1_0197,197,Chamber 1,Stage A,197,23.7,870.9,3.831,3.787,3.6,5.036,92.75,86.16,218.26,19.03,40.83,8.58,2388.8,True
W1_0198,198,Chamber 1,Stage A,198,23.8,873.1,3.803,3.696,3.656,5.085,91.84,85.6,221.3,19.05,41.46,8.63,2337.2,True
W1_0199,199,Chamber 1,Stage A,199,23.9,866.4,3.879,3.691,3.692,5.18,92.11,86.7,220.74,19.41,42.16,8.56,2370.8,True
W1_0200,200,Chamber 1,Stage B,200,24.0,868.0,2.394,2.328,2.302,3.302,64.82,59.98,160.12,16.22,31.79,8.63,1053.6,True
W1_0201,201,Chamber 1,Stage A,201,24.1,867.5,3.744,3.743,3.629,5.071,91.75,85.93,218.79,19.37,42.17,8.17,2314.7,True
W1_0202,202,Chamber 1,Stage A,202,24.2,863.3,3.8,3.742,3.668,5.093,92.03,86.18,222.91,19.49,41.97,8.61,2363.8,True
W1_0203,203,Chamber 1,Stage A,203,24.3,860.9,3.842,3.745,3.635,5.106,92.12,86.19,220.39,19.48,42.61,8.55,2373.7,True
W1_0204,204,Chamber 1,Stage B,204,24.4,869.5,2.412,2.406,2.297,3.198,64.74,59.56,158.43,16.35,32.16,8.44,1028.5,True
W1_0205,205,Chamber 1,Stage A,205,24.5,863.6,3.815,3.755,3.628,5.173,91.56,86.36,220.34,19.17,40.91,8.58,2331.4,True
W1_0206,206,Chamber 1,Stage A,206,24.6,853.8,3.759,3.749,3.611,5.158,92.25,85.72,221.16,18.95,40.99,8.54,2334.5,True
W1_0207,207,Chamber 1,Stage A,207,24.7,854.4,3.803,3.716,3.668,5.115,91.87,86.29,220.67,19.37,41.3,8.55,2353.0,True
W1_0208,208,Chamber 1,Stage B,208,24.8,860.9,2.393,2.351,2.3,3.257,65.57,60.43,157.38,16.51,32.72,8.59,1073.1,True
W1_0209,209,Chamber 1,Stage A,209,24.9,857.7,3.807,3.755,3.652,5.131,91.86,86.63,218.36,19.35,41.41,8.73,2318.7,True
W1_0210,210,Chamber 1,Stage A,210,25.0,851.6,3.827,3.706,3.652,5.228,91.8,85.58,222.96,19.35,41.81,8.79,2318.2,True
W1_0211,211,Chamber 1,Stage A,211,25.1,852.0,3.837,3.775,3.665,5.086,92.79,85.79,219.33,19.51,42.56,8.55,2369.6,True
W1_0212,212,Chamber 1,Stage B,212,25.2,848.4,2.417,2.276,2.295,3.252,64.54,60.15,159.59,16.35,32.35,8.76,1020.3,True
W1_0213,213,Chamber 1,Stage A,213,25.3,846.5,3.806,3.701,3.614,5.161,92.25,85.68,221.79,19.22,41.78,8.41,2325.7,True
W1_0214,214,Chamber 1,Stage A,214,25.4,844.3,3.794,3.718,3.626,5.121,91.38,85.8,219.43,19.2,41.29,8.46,2323.1,True
W1_0215,215,Chamber 1,Stage A,215,25.5,845.1,3.764,3.693,3.633,5.112,91.69,85.48,219.09,19.18,41.36,8.53,2284.9,True
W1_0216,216,Chamber 1,Stage B,216,25.6,840.3,2.375,2.369,2.25,3.222,65.12,60.07,165.39,16.07,32.09,8.55,1023.5,True
W1_0217,217,Chamber 1,Stage A,217,25.7,840.8,3.827,3.708,3.644,5.098,92.7,85.87,223.67,19.33,41.85,8.62,2304.5,True
W1_0218,218,Chamber 1,Stage A,218,25.8,839.2,3.825,3.723,3.606,5.127,92.68,86.5,219.88,19.1,40.94,8.64,2356.5,True
W1_0219,219,Chamber 1,Stage A,219,25.9,836.3,3.793,3.715,3.705,5.211,92.89,85.94,220.59,19.44,41.81,8.27,2323.5,True
W1_0220,220,Chamber 1,Stage B,220,26.0,837.8,2.375,2.334,2.288,3.213,65.33,59.56,160.44,16.24,31.95,8.68,1037.0,True
W1_0221,221,Chamber 1,Stage A,221,26.1,827.0,3.784,3.739,3.615,5.164,92.16,85.88,218.32,19.19,42.0,8.37,2317.5,True
W1_0222,222,Chamber 1,Stage A,222,26.2,831.7,3.782,3.723,3.621,5.083,91.73,86.12,219.63,18.99,40.47,8.16,2262.3,True
W1_0223,223,Chamber 1,Stage A,223,26.3,830.9,3.784,3.766,3.636,5.149,92.06,85.15,221.54,19.04,42.78,8.53,2333.9,True
W1_0224,224,Chamber 1,Stage B,224,26.4,831.8,2.409,2.351,2.291,3.212,65.13,59.39,161.5,16.37,31.96,8.44,1013.5,True
W1_0225,225,Chamber 1,Stage A,225,26.5,829.1,3.778,3.747,3.669,5.222,91.93,86.27,220.2,19.11,41.48,8.69,2316.7,True
W1_0226,226,Chamber 1,Stage A,226,26.6,826.2,3.808,3.721,3.654,5.209,92.39,86.35,219.09,19.48,42.15,8.37,2312.0,True
W1_0227,227,Chamber 1,Stage A,227,26.7,830.3,3.751,3.712,3.678,5.107,92.26,85.92,220.65,19.18,40.56,8.33,2279.1,True
W1_0228,228,Chamber 1,Stage B,228,26.8,819.6,2.423,2.366,2.35,3.193,65.7,60.37,159.53,16.23,32.02,8.67,1035.7,True
W1_0229,229,Chamber 1,Stage A,229,26.9,827.2,3.837,3.716,3.659,5.101,91.27,86.11,216.18,19.13,41.55,8.49,2305.2,True
W1_0230,230,Chamber 1,Stage A,230,27.0,830.1,3.775,3.74,3.654,5.143,92.51,86.29,220.58,19.11,41.13,8.25,2295.7,True
W1_0231,231,Chamber 1,Stage A,231,27.1,817.2,3.845,3.742,3.65,5.119,91.62,86.03,220.52,19.06,41.57,8.31,2297.3,True
W1_0232,232,Chamber 1,Stage B,232,27.2,821.4,2.457,2.369,2.264,3.264,64.38,60.43,159.06,16.23,32.13,8.49,1014.1,True
W1_0233,233,Chamber 1,Stage A,233,27.3,813.5,3.754,3.639,3.634,5.158,92.48,85.81,219.18,18.94,40.47,8.67,2279.1,True
W1_0234,234,Chamber 1,Stage A,234,27.4,814.5,3.801,3.649,3.628,5.153,91.61,86.02,220.89,19.13,41.02,8.45,2281.9,True
W1_0235,235,Chamber 1,Stage A,235,27.5,819.2,3.782,3.731,3.669,5.028,92.46,85.87,220.85,19.02,40.76,8.68,2289.8,True
W1_0236,236,Chamber 1,Stage B,236,27.6,810.7,2.374,2.335,2.31,3.18,64.84,60.13,159.33,16.29,31.7,8.49,1037.9,True
W1_0237,237,Chamber 1,Stage A,237,27.7,813.8,3.807,3.745,3.61,5.215,92.08,86.65,218.53,19.31,41.89,8.77,2294.9,True
W1_0238,238,Chamber 1,Stage A,238,27.8,809.0,3.804,3.665,3.614,5.121,92.12,85.98,222.44,19.23,40.78,8.21,2272.4,True
W1_0239,239,Chamber 1,Stage A,239,27.9,800.5,3.774,3.762,3.679,5.159,91.95,86.23,218.59,19.31,42.38,8.63,2305.2,True
W1_0240,240,Chamber 1,Stage B,240,28.0,810.6,2.417,2.366,2.248,3.182,64.89,59.88,157.58,16.22,32.21,8.56,1024.3,True
W1_0241,241,Chamber 1,Stage A,241,28.1,795.4,3.785,3.706,3.663,5.112,91.94,86.3,216.18,19.17,41.28,8.7,2283.3,True
W1_0242,242,Chamber 1,Stage A,242,28.2,802.6,3.845,3.725,3.661,5.178,91.59,86.19,219.46,18.89,40.66,8.63,2298.7,True
W1_0243,243,Chamber 1,Stage A,243,28.3,804.4,3.779,3.703,3.645,5.085,92.34,85.85,214.19,18.91,40.47,8.44,2275.7,True
W1_0244,244,Chamber 1,Stage B,244,28.4,799.8,2.409,2.334,2.318,3.217,64.72,59.54,156.5,16.25,32.22,8.44,991.7,True
W1_0245,245,Chamber 1,Stage A,245,28.5,792.6,3.76,3.747,3.618,5.092,91.41,85.8,221.95,19.12,41.72,8.58,2255.0,True
W1_0246,246,Chamber 1,Stage A,246,28.6,786.6,3.84,3.688,3.675,5.175,92.73,85.84,221.42,18.94,40.77,8.84,2301.8,True
W1_0247,247,Chamber 1,Stage A,247,28.7,797.2,3.789,3.737,3.654,5.151,92.09,86.51,218.1,19.19,41.39,8.4,2291.0,True
W1_0248,248,Chamber 1,Stage B,248,28.8,793.6,2.365,2.402,2.35,3.277,65.71,59.34,158.95,16.42,32.12,8.39,1038.5,True
W1_0249,249,Chamber 1,Stage A,249,28.9,793.2,3.809,3.694,3.623,5.192,92.31,85.98,219.16,18.9,41.49,8.2,2269.7,True
W1_0250,250,Chamber 1,Stage A,250,29.0,780.1,3.762,3.73,3.676,5.131,93.15,85.33,222.12,19.18,41.78,8.47,2280.9,True
W1_0251,251,Chamber 1,Stage A,251,29.1,782.2,3.818,3.733,3.667,5.183,92.15,86.06,218.24,19.29,42.27,8.39,2281.9,True
W1_0252,252,Chamber 1,Stage B,252,29.2,789.6,2.435,2.372,2.362,3.196,64.85,60.09,161.29,16.35,32.48,8.47,1007.8,True
W1_0253,253,Chamber 1,Stage A,253,29.3,780.0,3.835,3.728,3.65,5.158,91.66,86.01,215.7,18.95,41.24,8.63,2265.9,True
W1_0254,254,Chamber 1,Stage A,254,29.4,777.1,3.791,3.767,3.573,5.194,92.14,85.52,217.85,19.13,40.54,8.75,2256.4,True
W1_0255,255,Chamber 1,Stage A,255,29.5,777.8,3.806,3.693,3.681,5.183,92.21,86.14,223.52,19.24,41.07,8.5,2254.2,True
W1_0256,256,Chamber 1,Stage B,256,29.6,775.2,2.412,2.35,2.275,3.296,65.93,60.08,158.19,16.36,32.64,8.27,1008.3,True
W1_0257,257,Chamber 1,Stage A,257,29.7,778.8,3.767,3.749,3.675,5.053,92.64,86.23,222.8,19.08,40.87,8.3,2301.6,True
W1_0258,258,Chamber 1,Stage A,258,29.8,774.6,3.793,3.693,3.685,5.082,92.65,85.89,223.18,19.11,41.14,8.6,2271.5,True
W1_0259,259,Chamber 1,Stage A,259,29.9,770.5,3.782,3.719,3.65,5.024,92.18,85.61,217.69,18.86,40.2,8.25,2278.0,True
W1_0260,260,Chamber 1,Stage B,260,30.0,768.1,2.405,2.364,2.308,3.236,64.52,60.58,163.61,16.14,32.0,8.25,1011.6,True
W1_0261,261,Chamber 1,Stage A,261,30.1,769.1,3.865,3.76,3.654,5.181,92.44,85.77,218.37,19.13,41.8,8.51,2265.0,True
W1_0262,262,Chamber 1,Stage A,262,30.2,757.6,3.798,3.783,3.606,5.155,92.6,86.91,219.19,19.24,41.69,8.57,2279.3,True
W1_0263,263,Chamber 1,Stage A,263,30.3,760.9,3.82,3.728,3.641,5.232,91.73,85.84,223.98,19.15,41.01,8.38,2251.1,True
W1_0264,264,Chamber 1,Stage B,264,30.4,769.8,2.384,2.334,2.302,3.261,65.17,59.29,162.13,16.43,32.49,8.54,995.4,True
W1_0265,265,Chamber 1,Stage A,265,30.5,765.5,3.816,3.721,3.716,5.174,92.23,85.49,217.42,19.19,41.21,8.54,2282.3,True
W1_0266,266,Chamber 1,Stage A,266,30.6,759.6,3.766,3.721,3.624,5.111,91.83,85.81,217.49,19.24,40.05,8.48,2243.1,True
W1_0267,267,Chamber 1,Stage A,267,30.7,759.1,3.801,3.689,3.699,5.225,92.06,86.41,220.35,19.06,41.2,8.3,2248.4,True
W1_0268,268,Chamber 1,Stage B,268,30.8,757.5,2.398,2.354,2.272,3.204,64.49,60.39,155.79,16.07,32.29,8.67,982.2,True
W1_0269,269,Chamber 1,Stage A,269,30.9,759.4,3.77,3.709,3.694,5.163,91.63,85.36,219.35,19.2,41.15,8.47,2255.9,True
W1_0270,270,Chamber 1,Stage A,270,31.0,752.4,3.799,3.719,3.637,5.189,91.75,86.02,220.1,18.95,40.79,8.42,2238.5,True
W1_0271,271,Chamber 1,Stage A,271,31.1,749.0,3.837,3.698,3.699,5.043,92.17,86.19,218.41,19.36,41.13,8.56,2215.0,True
W1_0272,272,Chamber 1,Stage B,272,31.2,757.6,2.449,2.335,2.269,3.23,65.83,59.27,157.9,16.24,32.46,8.72,1023.0,True
W1_0273,273,Chamber 1,Stage A,273,31.3,745.1,3.82,3.7,3.647,5.122,92.13,86.58,221.76,19.36,41.85,8.34,2262.8,True
W1_0274,274,Chamber 1,Stage A,274,31.4,744.9,3.799,3.708,3.601,5.147,93.0,85.26,219.94,18.98,41.15,8.6,2225.9,True
W1_0275,275,Chamber 1,Stage A,275,31.5,741.2,3.734,3.76,3.677,5.133,92.09,86.43,220.45,19.13,41.53,8.64,2238.5,True
W1_0276,276,Chamber 1,Stage B,276,31.6,740.9,2.409,2.327,2.285,3.199,64.57,60.85,162.66,16.07,32.0,8.79,976.1,True
W1_0277,277,Chamber 1,Stage A,277,31.7,739.7,3.837,3.712,3.68,5.16,92.92,85.41,222.52,19.07,41.26,8.67,2239.1,True
W1_0278,278,Chamber 1,Stage A,278,31.8,742.9,3.778,3.785,3.648,5.169,91.68,85.69,222.16,19.08,41.05,8.3,2221.9,True
W1_0279,279,Chamber 1,Stage A,279,31.9,736.3,3.821,3.746,3.618,5.116,92.48,86.36,217.25,19.11,40.59,8.55,2220.5,True
W1_0280,280,Chamber 1,Stage B,280,32.0,739.8,2.423,2.306,2.285,3.27,64.75,59.91,161.49,16.3,32.05,8.56,974.9,True
W1_0281,281,Chamber 1,Stage A,281,32.1,738.1,3.785,3.719,3.618,5.128,91.68,85.55,220.52,19.19,41.17,8.53,2208.3,True
W1_0282,282,Chamber 1,Stage A,282,32.2,729.7,3.775,3.728,3.659,5.13,91.17,86.06,224.43,19.03,40.93,8.45,2224.2,True
W1_0283,283,Chamber 1,Stage A,283,32.3,737.8,3.822,3.742,3.644,5.147,92.41,86.35,217.71,19.14,41.28,8.62,2229.5,True
W1_0284,284,Chamber 1,Stage B,284,32.4,734.8,2.397,2.318,2.292,3.249,65.49,60.24,158.3,16.26,32.58,8.87,989.1,True
W1_0285,285,Chamber 1,Stage A,285,32.5,729.2,3.837,3.756,3.674,5.114,91.77,86.13,221.87,19.17,42.09,8.47,2217.6,True
W1_0286,286,Chamber 1,Stage A,286,32.6,737.3,3.809,3.708,3.689,5.151,92.02,85.43,217.37,18.84,40.69,8.54,2258.7,True
W1_0287,287,Chamber 1,Stage A,287,32.7,729.9,3.795,3.721,3.678,5.215,91.34,85.29,218.76,19.0,41.54,8.59,2161.5,True
W1_0288,288,Chamber 1,Stage B,288,32.8,725.5,2.375,2.291,2.308,3.28,64.95,59.82,159.68,16.22,31.64,8.44,970.9,True
W1_0289,289,Chamber 1,Stage A,289,32.9,723.6,3.77,3.719,3.583,5.139,92.57,85.41,218.83,19.12,41.29,8.55,2156.5,True
W1_0290,290,Chamber 1,Stage A,290,33.0,719.3,3.861,3.732,3.647,5.146,92.0,85.67,221.65,19.25,40.9,8.53,2223.5,True
W1_0291,291,Chamber 1,Stage A,291,33.1,715.7,3.83,3.709,3.625,5.092,91.29,86.19,216.34,18.82,40.3,8.32,2187.7,True
W1_0292,292,Chamber 1,Stage B,292,33.2,716.9,2.365,2.366,2.287,3.256,64.65,60.07,162.61,16.2,32.1,8.59,969.1,True
W1_0293,293,Chamber 1,Stage A,293,33.3,719.2,3.795,3.73,3.618,5.079,91.44,85.36,217.57,18.94,40.8,8.52,2148.5,True
W1_0294,294,Chamber 1,Stage A,294,33.4,716.0,3.824,3.694,3.661,5.087,92.04,85.49,216.41,18.94,40.91,8.44,2186.1,True
W1_0295,295,Chamber 1,Stage A,295,33.5,709.4,3.799,3.729,3.628,5.189,91.53,86.2,222.36,19.15,40.81,8.57,2167.3,True
W1_0296,296,Chamber 1,Stage B,296,33.6,709.7,2.388,2.389,2.315,3.192,64.88,59.75,158.58,16.27,32.42,8.65,991.4,True
W1_0297,297,Chamber 1,Stage A,297,33.7,708.1,3.796,3.681,3.632,5.155,92.52,85.56,219.27,18.83,40.69,8.48,2177.6,True
W1_0298,298,Chamber 1,Stage A,298,33.8,702.4,3.776,3.724,3.642,5.111,91.71,86.13,223.31,19.18,40.95,8.52,2165.9,True
W1_0299,299,Chamber 1,Stage A,299,33.9,697.9,3.778,3.76,3.677,5.142,91.39,85.92,220.6,18.86,40.15,8.53,2195.4,True
W1_0300,300,Chamber 1,Stage B,300,34.0,706.5,2.395,2.356,2.329,3.275,65.23,59.68,156.18,16.38,32.72,8.44,978.8,True
W1_0301,301,Chamber 1,Stage A,301,34.1,707.4,3.783,3.72,3.698,5.083,92.65,85.87,222.65,19.03,41.14,8.29,2200.9,True
W1_0302,302,Chamber 1,Stage A,302,34.2,700.4,3.775,3.679,3.645,5.126,92.22,86.38,219.88,18.92,40.98,8.78,2172.0,True
W1_0303,303,Chamber 1,Stage A,303,34.3,698.7,3.829,3.738,3.613,5.139,92.27,86.61,221.78,19.23,41.28,8.61,2173.6,True
W1_0304,304,Chamber 1,Stage B,304,34.4,695.1,2.377,2.363,2.341,3.21,64.04,59.84,161.83,16.13,32.06,8.58,969.4,True
W1_0305,305,Chamber 1,Stage A,305,34.5,694.3,3.866,3.741,3.631,5.099,91.96,85.9,222.23,19.01,41.43,8.53,2200.9,True
W1_0306,306,Chamber 1,Stage A,306,34.6,700.9,3.811,3.733,3.591,5.231,92.52,85.84,217.8,19.09,41.15,8.55,2180.9,True
W1_0307,307,Chamber 1,Stage A,307,34.7,686.7,3.817,3.693,3.689,5.212,93.26,85.55,220.49,19.35,41.18,8.19,2178.5,True
W1_0308,308,Chamber 1,Stage B,308,34.8,693.7,2.386,2.293,2.327,3.137,65.01,59.17,159.36,16.23,31.81,8.75,951.0,True
W1_0309,309,Chamber 1,Stage A,309,34.9,688.2,3.759,3.742,3.567,5.099,91.8,86.25,220.05,18.9,40.59,8.29,2142.3,True
W1_0310,310,Chamber 1,Stage A,310,35.0,691.7,3.821,3.708,3.645,5.238,91.43,85.26,221.57,18.96,40.55,8.4,2177.9,True
W1_0311,311,Chamber 1,Stage A,311,35.1,680.4,3.826,3.682,3.613,4.988,91.68,86.38,221.03,19.05,40.72,8.47,2169.4,True
W1_0312,312,Chamber 1,Stage B,312,35.2,686.0,2.409,2.38,2.292,3.275,66.13,59.96,160.79,16.3,32.36,8.39,957.4,True
W1_0313,313,Chamber 1,Stage A,313,35.3,678.8,3.844,3.737,3.677,5.118,92.3,86.11,218.1,19.01,40.62,8.55,2189.3,True
W1_0314,314,Chamber 1,Stage A,314,35.4,679.1,3.832,3.741,3.627,5.053,91.94,85.82,220.23,18.8,40.19,8.45,2173.7,True
W1_0315,315,Chamber 1,Stage A,315,35.5,685.2,3.85,3.667,3.687,5.119,92.34,86.03,222.28,18.94,41.11,8.44,2174.8,True
W1_0316,316,Chamber 1,Stage B,316,35.6,684.0,2.369,2.37,2.286,3.233,65.03,59.4,158.44,16.29,32.15,8.7,944.6,True
W1_0317,317,Chamber 1,Stage A,317,35.7,674.5,3.794,3.731,3.682,5.091,92.62,85.39,223.26,18.99,40.38,8.44,2148.9,True
W1_0318,318,Chamber 1,Stage A,318,35.8,680.4,3.796,3.753,3.654,5.145,91.56,85.65,223.6,19.22,41.46,8.39,2168.2,True
W1_0319,319,Chamber 1,Stage A,319,35.9,675.2,3.797,3.712,3.646,5.147,92.36,86.0,221.24,18.94,41.2,8.75,2115.3,True
W1_0320,320,Chamber 1,Stage B,320,36.0,672.3,2.397,2.337,2.311,3.237,65.45,60.03,158.51,16.18,32.22,8.65,946.7,True
W1_0321,321,Chamber 1,Stage A,321,36.1,668.4,3.8,3.738,3.64,5.038,91.83,86.32,219.41,19.0,41.11,8.46,2149.9,True
W1_0322,322,Chamber 1,Stage A,322,36.2,670.1,3.771,3.719,3.663,5.13,92.12,86.73,219.31,18.94,40.56,8.54,2146.4,True
W1_0323,323,Chamber 1,Stage A,323,36.3,655.0,3.87,3.703,3.636,5.127,92.16,86.11,222.57,18.9,40.03,8.14,2132.7,True
W1_0324,324,Chamber 1,Stage B,324,36.4,663.2,2.417,2.359,2.271,3.191,64.61,60.04,158.75,15.97,31.34,8.57,943.1,True
W1_0325,325,Chamber 1,Stage A,325,36.5,658.3,3.824,3.668,3.649,5.158,92.74,85.81,220.65,18.77,40.35,8.23,2161.2,True
W1_0326,326,Chamber 1,Stage A,326,36.6,660.7,3.816,3.78,3.661,5.144,92.0,85.37,222.71,18.99,40.71,8.41,2171.4,True
W1_0327,327,Chamber 1,Stage A,327,36.7,664.8,3.844,3.722,3.593,5.175,91.76,86.28,220.05,19.09,41.62,8.27,2136.0,True
W1_0328,328,Chamber 1,Stage B,328,36.8,657.6,2.406,2.358,2.271,3.252,65.41,59.67,162.85,16.15,32.21,8.49,958.1,True
W1_0329,329,Chamber 1,Stage A,329,36.9,654.8,3.798,3.739,3.657,5.03,91.55,86.37,219.74,18.68,40.13,8.42,2136.2,True
W1_0330,330,Chamber 1,Stage A,330,37.0,657.9,3.771,3.722,3.659,5.235,91.4,86.46,221.95,19.05,40.8,8.38,2150.5,True
W1_0331,331,Chamber 1,Stage A,331,37.1,650.0,3.815,3.711,3.603,5.12,92.48,85.39,217.89,18.85,40.25,8.52,2101.7,True
W1_0332,332,Chamber 1,Stage B,332,37.2,656.2,2.421,2.313,2.256,3.208,65.29,59.92,159.07,16.16,31.88,8.51,931.5,True
W1_0333,333,Chamber 1,Stage A,333,37.3,657.3,3.766,3.758,3.653,5.113,91.99,85.96,222.44,18.87,40.94,8.34,2142.4,True
W1_0334,334,Chamber 1,Stage A,334,37.4,649.7,3.788,3.744,3.613,5.168,92.08,86.19,218.71,19.04,40.43,8.25,2138.2,True
W1_0335,335,Chamber 1,Stage A,335,37.5,648.9,3.858,3.755,3.628,5.131,91.98,85.37,218.12,18.78,40.22,8.42,2104.5,True
W1_0336,336,Chamber 1,Stage B,336,37.6,645.7,2.421,2.359,2.294,3.27,65.27,60.12,158.35,16.51,32.09,8.54,939.0,True
W1_0337,337,Chamber 1,Stage A,337,37.7,644.6,3.78,3.731,3.596,5.103,91.56,86.05,221.99,18.74,40.52,8.6,2092.5,True
W1_0338,338,Chamber 1,Stage A,338,37.8,640.2,3.805,3.704,3.654,5.1,91.84,85.73,217.13,19.14,41.18,8.52,2116.9,True
W1_0339,339,Chamber 1,Stage A,339,37.9,640.2,3.825,3.683,3.621,5.082,92.43,86.38,220.97,18.9,40.67,8.66,2131.6,True
W1_0340,340,Chamber 1,Stage B,340,38.0,630.1,2.388,2.368,2.33,3.207,64.98,59.58,155.0,16.06,32.21,8.53,933.3,True
W1_0341,341,Chamber 1,Stage A,341,38.1,638.3,3.841,3.691,3.686,5.177,91.64,85.55,220.7,18.84,40.73,8.37,2079.4,True
W1_0342,342,Chamber 1,Stage A,342,38.2,632.7,3.783,3.707,3.669,5.189,91.89,85.86,221.0,19.08,41.05,8.3,2077.9,True
W1_0343,343,Chamber 1,Stage A,343,38.3,627.8,3.774,3.727,3.662,5.205,91.8,85.8,222.3,19.01,41.32,8.54,2084.4,True
W1_0344,344,Chamber 1,Stage B,344,38.4,637.5,2.42,2.388,2.359,3.282,65.47,59.77,157.69,16.32,32.25,8.63,956.3,True
W1_0345,345,Chamber 1,Stage A,345,38.5,630.6,3.839,3.74,3.673,5.156,91.82,86.3,217.21,18.82,40.61,8.66,2130.4,True
W1_0346,346,Chamber 1,Stage A,346,38.6,633.4,3.752,3.737,3.631,5.174,92.0,86.16,218.08,19.09,40.86,8.41,2084.2,True
W1_0347,347,Chamber 1,Stage A,347,38.7,622.7,3.735,3.688,3.619,5.062,91.37,86.17,219.57,19.07,40.91,8.56,2071.8,True
W1_0348,348,Chamber 1,Stage B,348,38.8,634.1,2.432,2.334,2.276,3.231,64.63,59.83,160.69,16.26,31.68,8.55,933.7,True
W1_0349,349,Chamber 1,Stage A,349,38.9,625.0,3.835,3.758,3.606,5.168,91.98,85.78,220.34,19.13,40.74,8.64,2092.1,True
W1_0350,350,Chamber 1,Stage A,350,39.0,621.6,3.791,3.717,3.671,5.078,92.78,85.27,218.8,19.06,41.0,8.56,2106.0,True
W1_0351,351,Chamber 1,Stage A,351,39.1,617.3,3.842,3.749,3.674,5.082,91.97,85.88,217.99,18.86,40.92,8.55,2136.6,True
W1_0352,352,Chamber 1,Stage B,352,39.2,618.3,2.407,2.376,2.287,3.283,64.51,60.58,160.03,16.14,32.22,8.41,919.7,True
W1_0353,353,Chamber 1,Stage A,353,39.3,615.7,3.765,3.779,3.631,5.172,92.08,85.61,219.99,19.06,41.06,8.62,2102.8,True
W1_0354,354,Chamber 1,Stage A,354,39.4,619.6,3.768,3.706,3.654,5.157,91.13,86.0,220.32,19.21,41.22,8.46,2068.3,True
W1_0355,355,Chamber 1,Stage A,355,39.5,614.5,3.849,3.763,3.615,5.117,91.86,86.2,221.37,19.16,40.28,8.37,2091.3,True
W1_0356,356,Chamber 1,Stage B,356,39.6,609.7,2.391,2.386,2.219,3.239,64.96,59.82,163.45,16.35,32.15,8.37,906.7,True
W1_0357,357,Chamber 1,Stage A,357,39.7,614.2,3.833,3.737,3.602,5.103,92.15,86.34,218.64,18.85,40.63,8.06,2047.2,True
W1_0358,358,Chamber 1,Stage A,358,39.8,611.8,3.804,3.717,3.69,5.162,92.65,85.44,219.93,19.03,40.67,8.26,2092.1,True
W1_0359,359,Chamber 1,Stage A,359,39.9,605.1,3.821,3.789,3.639,5.083,92.1,85.68,222.96,19.01,40.5,8.46,2090.6,True
W1_0360,360,Chamber 1,Stage B,360,40.0,607.0,2.45,2.326,2.305,3.273,64.35,60.19,157.89,16.27,32.04,8.62,934.5,True
W1_0361,361,Chamber 1,Stage A,361,40.1,608.2,3.793,3.707,3.692,5.095,91.59,86.27,218.41,18.81,40.1,8.36,2081.9,True
W1_0362,362,Chamber 1,Stage A,362,40.2,602.2,3.816,3.718,3.642,5.156,92.51,86.05,219.06,18.88,40.48,8.35,2091.1,True
W1_0363,363,Chamber 1,Stage A,363,40.3,603.9,3.842,3.709,3.677,5.128,91.76,86.24,220.82,19.24,40.83,8.55,2101.5,True
W1_0364,364,Chamber 1,Stage B,364,40.4,599.2,2.403,2.382,2.32,3.241,64.88,59.97,153.66,16.19,32.42,8.53,905.5,True
W1_0365,365,Chamber 1,Stage A,365,40.5,604.2,3.769,3.738,3.657,5.178,91.68,86.01,217.27,19.01,41.01,8.61,2070.5,True
W1_0366,366,Chamber 1,Stage A,366,40.6,601.2,3.791,3.728,3.615,5.087,92.04,86.44,219.49,18.94,40.4,8.46,2043.8,True
W1_0367,367,Chamber 1,Stage A,367,40.7,594.5,3.78,3.746,3.61,5.163,92.27,86.15,218.01,18.93,40.21,8.54,2075.7,True
W1_0368,368,Chamber 1,Stage B,368,40.8,588.9,2.371,2.371,2.305,3.124,65.31,59.99,162.4,16.07,31.56,8.34,891.7,True
W1_0369,369,Chamber 1,Stage A,369,40.9,593.1,3.883,3.715,3.67,5.097,91.16,85.93,219.47,18.95,40.79,8.44,2050.0,True
W1_0370,370,Chamber 1,Stage A,370,41.0,587.8,3.742,3.662,3.67,5.155,91.98,85.44,218.58,18.79,39.73,8.46,2057.1,True
W1_0371,371,Chamber 1,Stage A,371,41.1,584.5,3.823,3.667,3.668,5.09,92.12,85.9,222.64,19.0,40.81,8.37,2054.1,True
W1_0372,372,Chamber 1,Stage B,372,41.2,586.6,2.4,2.35,2.311,3.244,65.32,60.37,157.9,16.21,31.99,8.63,889.0,True
W1_0373,373,Chamber 1,Stage A,373,41.3,582.3,3.786,3.701,3.689,5.097,91.68,86.03,221.37,18.86,41.23,8.48,2044.7,True
W1_0374,374,Chamber 1,Stage A,374,41.4,579.6,3.814,3.645,3.724,5.157,92.06,86.47,224.69,19.06,41.11,8.63,2055.1,True
W1_0375,375,Chamber 1,Stage A,375,41.5,578.8,3.779,3.683,3.646,5.046,92.08,85.99,220.29,19.14,42.08,8.42,2044.6,True
W1_0376,376,Chamber 1,Stage B,376,41.6,586.0,2.37,2.312,2.317,3.206,65.39,60.4,162.75,16.17,32.2,8.37,896.3,True
W1_0377,377,Chamber 1,Stage A,377,41.7,576.4,3.807,3.743,3.623,5.069,91.77,85.95,217.87,18.82,39.7,8.5,2052.8,True
W1_0378,378,Chamber 1,Stage A,378,41.8,576.9,3.769,3.693,3.637,5.162,92.37,85.8,217.69,18.96,40.12,8.54,2046.5,True
W1_0379,379,Chamber 1,Stage A,379,41.9,572.9,3.762,3.73,3.68,5.111,92.54,86.52,223.33,19.08,41.37,8.55,2049.2,True
W1_0380,380,Chamber 1,Stage B,380,42.0,567.4,2.407,2.313,2.3,3.295,64.12,60.61,162.24,16.32,31.97,8.43,914.1,True
W1_0381,381,Chamber 1,Stage A,381,42.1,574.5,3.818,3.718,3.65,5.094,92.7,86.42,218.52,18.96,40.75,8.3,2073.9,True
W1_0382,382,Chamber 1,Stage A,382,42.2,568.8,3.829,3.734,3.606,5.12,92.42,85.98,221.01,18.86,40.26,8.45,2032.6,True
W1_0383,383,Chamber 1,Stage A,383,42.3,569.6,3.772,3.758,3.639,5.203,92.61,85.97,217.98,18.92,39.74,8.19,2043.5,True
W1_0384,384,Chamber 1,Stage B,384,42.4,569.1,2.333,2.316,2.331,3.254,64.94,60.23,163.27,16.41,31.93,8.47,863.0,True
W1_0385,385,Chamber 1,Stage A,385,42.5,567.7,3.797,3.741,3.628,5.128,92.28,87.25,221.62,18.74,40.45,8.37,2043.5,True
W1_0386,386,Chamber 1,Stage A,386,42.6,571.3,3.762,3.755,3.663,5.093,91.94,86.64,221.47,18.87,40.61,8.5,2007.0,True
W1_0387,387,Chamber 1,Stage A,387,42.7,556.5,3.805,3.736,3.646,5.093,91.93,85.36,224.55,18.93,40.07,8.31,2024.4,True
W1_0388,388,Chamber 1,Stage B,388,42.8,556.5,2.438,2.374,2.32,3.276,65.96,60.87,158.63,16.09,32.31,8.74,919.2,True
W1_0389,389,Chamber 1,Stage A,389,42.9,561.0,3.825,3.756,3.586,5.129,92.45,85.93,221.46,18.85,40.66,8.55,2011.9,True
W1_0390,390,Chamber 1,Stage A,390,43.0,557.7,3.801,3.72,3.635,5.115,92.42,85.87,217.32,19.06,40.53,8.61,2022.8,True
W1_0391,391,Chamber 1,Stage A,391,43.1,555.2,3.765,3.717,3.666,5.052,92.08,86.04,220.08,18.85,41.12,8.66,2020.6,True
W1_0392,392,Chamber 1,Stage B,392,43.2,551.8,2.368,2.381,2.374,3.239,65.2,60.03,158.57,16.34,31.46,8.23,903.8,True
W1_0393,393,Chamber 1,Stage A,393,43.3,547.3,3.827,3.69,3.625,5.133,92.41,86.2,220.5,18.86,40.79,8.51,2019.9,True
W1_0394,394,Chamber 1,Stage A,394,43.4,548.2,3.802,3.71,3.724,5.128,91.44,85.95,221.04,18.94,39.92,8.75,1999.0,True
W1_0395,395,Chamber 1,Stage A,395,43.5,541.9,3.792,3.722,3.669,5.096,91.89,85.99,220.3,19.0,40.98,8.51,2021.3,True
W1_0396,396,Chamber 1,Stage B,396,43.6,545.8,2.402,2.366,2.326,3.205,64.74,59.77,161.07,16.17,32.12,8.66,892.0,True
W1_0397,397,Chamber 1,Stage A,397,43.7,546.0,3.822,3.734,3.716,5.087,92.21,85.79,218.26,18.95,41.62,8.5,2011.1,True
W1_0398,398,Chamber 1,Stage A,398,43.8,539.3,3.738,3.721,3.648,5.17,92.39,85.8,219.7,18.63,40.17,8.39,1992.4,True
W1_0399,399,Chamber 1,Stage A,399,43.9,540.2,3.816,3.778,3.609,5.037,91.95,86.01,220.44,19.0,40.62,8.43,1981.9,True
W1_0400,400,Chamber 1,Stage B,400,44.0,543.7,2.406,2.324,2.356,3.208,64.98,60.22,158.82,16.13,32.18,8.22,881.5,True
W1_0401,401,Chamber 1,Stage A,401,44.1,537.6,3.79,3.709,3.652,5.169,92.95,86.33,222.32,18.83,40.27,8.42,1997.2,True
W1_0402,402,Chamber 1,Stage A,402,44.2,532.4,3.812,3.735,3.663,5.145,91.8,85.79,217.6,18.82,40.48,8.77,2046.1,True
W1_0403,403,Chamber 1,Stage A,403,44.3,535.8,3.787,3.736,3.666,5.178,92.72,86.2,217.89,18.83,41.36,8.46,2030.1,True
W1_0404,404,Chamber 1,Stage B,404,44.4,531.2,2.425,2.349,2.279,3.278,65.26,60.39,159.97,16.15,31.92,8.41,875.3,True
W1_0405,405,Chamber 1,Stage A,405,44.5,536.5,3.786,3.68,3.623,5.073,91.84,85.7,216.75,19.01,40.56,8.8,1980.7,True
W1_0406,406,Chamber 1,Stage A,406,44.6,525.0,3.775,3.757,3.632,5.063,92.29,86.52,225.18,19.07,40.69,8.32,1979.0,True
W1_0407,407,Chamber 1,Stage A,407,44.7,534.7,3.777,3.726,3.629,5.163,92.41,86.24,223.24,18.7,40.48,8.56,2005.2,True
W1_0408,408,Chamber 1,Stage B,408,44.8,529.0,2.414,2.307,2.276,3.306,64.93,60.03,161.52,16.13,31.8,8.6,887.9,True
W1_0409,409,Chamber 1,Stage A,409,44.9,519.1,3.792,3.756,3.644,5.087,91.7,85.61,219.46,18.73,40.23,8.69,1978.9,True
W1_0410,410,Chamber 1,Stage A,410,45.0,516.5,3.793,3.718,3.664,5.141,91.52,86.43,220.42,18.91,40.32,8.53,1992.0,True
W1_0411,411,Chamber 1,Stage A,411,45.1,515.0,3.784,3.716,3.656,5.19,91.69,85.8,218.97,18.72,40.52,8.38,1981.0,True
W1_0412,412,Chamber 1,Stage B,412,45.2,523.8,2.383,2.342,2.354,3.226,64.12,59.2,160.07,16.28,31.9,8.59,862.0,True
W1_0413,413,Chamber 1,Stage A,413,45.3,516.6,3.751,3.697,3.594,5.116,91.98,86.05,220.12,18.94,39.77,8.36,1952.0,True
W1_0414,414,Chamber 1,Stage A,414,45.4,514.4,3.848,3.687,3.614,5.075,91.97,86.17,221.48,18.57,39.83,8.89,1966.0,True
W1_0415,415,Chamber 1,Stage A,415,45.5,509.6,3.773,3.775,3.673,5.131,92.54,85.39,217.34,18.83,40.32,8.17,1985.5,True
W1_0416,416,Chamber 1,Stage B,416,45.6,518.2,2.424,2.359,2.326,3.145,65.12,59.52,159.21,16.18,31.65,8.58,856.6,True
W1_0417,417,Chamber 1,Stage A,417,45.7,512.1,3.794,3.758,3.632,5.104,91.69,86.35,218.58,18.78,39.74,8.6,1955.7,True
W1_0418,418,Chamber 1,Stage A,418,45.8,508.9,3.764,3.752,3.645,5.121,92.26,86.39,219.96,18.63,39.65,8.38,1976.2,True
W1_0419,419,Chamber 1,Stage A,419,45.9,503.3,3.821,3.706,3.646,5.189,92.14,85.98,218.8,18.86,39.98,8.41,1965.5,True
W1_0420,420,Chamber 1,Stage B,420,46.0,506.2,2.453,2.362,2.262,3.218,65.04,60.68,157.78,16.22,31.94,8.65,863.6,True
W1_0421,421,Chamber 1,Stage A,421,46.1,503.9,3.799,3.744,3.681,5.093,91.21,85.99,220.59,18.99,40.35,8.54,1969.7,True
W1_0422,422,Chamber 1,Stage A,422,46.2,506.7,3.785,3.719,3.697,5.121,91.99,85.81,222.2,18.93,40.63,8.79,1929.7,True
W1_0423,423,Chamber 1,Stage A,423,46.3,493.3,3.804,3.737,3.627,5.111,91.84,86.41,219.24,18.91,40.2,8.81,1951.7,True
W1_0424,424,Chamber 1,Stage B,424,46.4,503.3,2.448,2.373,2.32,3.248,64.45,59.81,161.68,16.03,31.41,8.34,875.9,True
W1_0425,425,Chamber 1,Stage A,425,46.5,495.3,3.819,3.732,3.684,5.054,92.2,86.25,217.52,18.9,40.07,8.27,1962.2,True
W1_0426,426,Chamber 1,Stage A,426,46.6,495.7,3.782,3.758,3.648,5.121,91.96,86.52,218.5,19.16,40.49,8.7,1945.8,True
W1_0427,427,Chamber 1,Stage A,427,46.7,491.6,3.763,3.753,3.699,5.213,92.49,85.92,219.27,19.07,41.35,8.25,1984.6,True
W1_0428,428,Chamber 1,Stage B,428,46.8,496.8,2.412,2.347,2.323,3.237,64.42,60.03,162.1,16.19,31.63,8.5,855.4,True
W1_0429,429,Chamber 1,Stage A,429,46.9,489.5,3.801,3.745,3.681,5.165,92.11,85.6,219.99,18.74,40.2,8.42,1925.5,True
W1_0430,430,Chamber 1,Stage A,430,47.0,496.7,3.806,3.684,3.648,5.225,92.41,86.66,220.78,18.52,39.97,8.68,1969.8,True
W1_0431,431,Chamber 1,Stage A,431,47.1,488.0,3.783,3.716,3.625,5.149,92.45,85.3,220.82,18.82,40.47,8.46,1933.1,True
W1_0432,432,Chamber 1,Stage B,432,47.2,477.0,2.429,2.365,2.311,3.176,64.85,60.36,160.08,16.27,32.47,8.6,861.5,True
W1_0433,433,Chamber 1,Stage A,433,47.3,482.3,3.795,3.714,3.66,5.122,91.87,85.29,218.12,19.05,40.86,8.57,1945.6,True
W1_0434,434,Chamber 1,Stage A,434,47.4,481.7,3.811,3.702,3.674,5.138,92.12,85.69,221.41,18.76,39.9,8.81,1951.3,True
W1_0435,435,Chamber 1,Stage A,435,47.5,478.7,3.715,3.765,3.671,5.043,91.76,86.63,222.9,18.82,40.32,8.64,1954.4,True
W1_0436,436,Chamber 1,Stage B,436,47.6,483.5,2.376,2.382,2.303,3.309,64.73,59.98,158.16,15.93,31.42,8.5,866.9,True
W1_0437,437,Chamber 1,Stage A,437,47.7,475.1,3.748,3.764,3.723,5.132,91.74,87.13,217.36,18.95,40.97,8.5,1944.9,True
W1_0438,438,Chamber 1,Stage A,438,47.8,473.1,3.79,3.694,3.649,5.102,91.4,86.5,219.0,18.63,40.23,8.31,1927.6,True
W1_0439,439,Chamber 1,Stage A,439,47.9,479.5,3.851,3.74,3.636,5.093,91.96,86.25,219.95,18.84,40.26,8.47,1909.2,True
W1_0440,440,Chamber 1,Stage B,440,48.0,466.4,2.409,2.329,2.361,3.244,64.59,60.34,160.8,16.11,31.9,8.56,867.8,True
W1_0441,441,Chamber 1,Stage A,441,48.1,476.4,3.787,3.776,3.625,5.1,91.82,85.51,215.58,18.83,40.32,8.47,1920.7,True
W1_0442,442,Chamber 1,Stage A,442,48.2,472.2,3.794,3.707,3.64,5.159,92.56,85.75,220.2,18.57,39.96,8.55,1894.9,True
W1_0443,443,Chamber 1,Stage A,443,48.3,467.0,3.788,3.73,3.647,5.081,91.98,85.51,222.78,18.85,39.88,8.3,1910.3,True
W1_0444,444,Chamber 1,Stage B,444,48.4,466.7,2.426,2.353,2.319,3.191,64.44,60.04,159.36,15.98,31.85,8.59,881.0,True
W1_0445,445,Chamber 1,Stage A,445,48.5,465.2,3.821,3.699,3.657,5.065,92.18,85.86,220.06,18.74,39.67,8.6,1950.0,True
W1_0446,446,Chamber 1,Stage A,446,48.6,463.1,3.818,3.721,3.706,5.043,92.04,85.35,214.99,18.85,40.31,8.54,1967.1,True
W1_0447,447,Chamber 1,Stage A,447,48.7,466.9,3.815,3.705,3.657,5.118,91.84,86.73,222.35,18.86,39.42,8.52,1916.4,True
W1_0448,448,Chamber 1,Stage B,448,48.8,465.6,2.443,2.359,2.279,3.118,65.27,59.67,160.35,16.16,31.77,8.31,834.0,True
W1_0449,449,Chamber 1,Stage A,449,48.9,451.5,3.782,3.674,3.645,5.132,92.06,86.54,219.53,18.71,40.09,8.48,1897.2,True
W1_0450,450,Chamber 1,Stage A,450,49.0,455.2,3.843,3.687,3.63,5.148,91.52,85.4,215.75,18.63,40.85,8.61,1880.0,True
W2_0001,1,Chamber 2,Stage A,1,12.1,1197.0,3.807,3.71,3.666,5.081,91.45,85.28,215.55,19.63,42.25,8.42,2558.9,True
W2_0002,2,Chamber 2,Stage A,2,12.2,1192.8,3.746,3.707,3.63,5.097,91.72,85.74,219.23,19.44,42.63,8.4,2547.5,True
W2_0003,3,Chamber 2,Stage A,3,12.3,1186.0,3.751,3.735,3.623,5.146,91.04,86.56,221.34,19.29,42.48,8.27,2522.9,True
W2_0004,4,Chamber 2,Stage B,4,12.4,1183.3,2.389,2.345,2.325,3.17,64.39,60.18,162.01,16.63,32.98,8.26,1137.6,True
W2_0005,5,Chamber 2,Stage A,5,12.5,1190.8,3.795,3.756,3.621,5.111,91.93,84.84,223.34,19.71,42.66,8.36,2544.6,True
W2_0006,6,Chamber 2,Stage A,6,12.6,1190.8,3.773,3.748,3.592,5.162,91.56,86.5,220.32,19.46,42.04,8.6,2550.9,True
W2_0007,7,Chamber 2,Stage A,7,12.7,1183.2,3.835,3.736,3.619,5.09,92.04,85.07,223.35,19.81,42.52,8.57,2579.6,True
W2_0008,8,Chamber 2,Stage B,8,12.8,1190.0,2.423,2.352,2.258,3.265,65.33,59.76,162.33,16.39,32.6,8.25,1127.6,True
W2_0009,9,Chamber 2,Stage A,9,12.9,1188.6,3.816,3.75,3.644,5.16,91.82,86.82,218.37,19.74,42.33,8.82,2570.6,True
W2_0010,10,Chamber 2,Stage A,10,13.0,1185.4,3.837,3.734,3.63,5.179,92.0,86.27,215.69,19.57,42.94,8.57,2564.7,True
W2_0011,11,Chamber 2,Stage A,11,13.1,1177.9,3.77,3.773,3.708,5.15,92.64,85.77,218.41,19.71,42.8,8.51,2579.1,True
W2_0012,12,Chamber 2,Stage B,12,13.2,1183.5,2.416,2.378,2.309,3.298,64.51,60.19,157.66,16.39,32.45,8.33,1140.2,True
W2_0013,13,Chamber 2,Stage A,13,13.3,1178.0,3.79,3.676,3.682,5.088,91.98,86.18,220.4,19.82,42.48,8.66,2549.3,True
W2_0014,14,Chamber 2,Stage A,14,13.4,1175.2,3.829,3.731,3.66,5.255,91.89,85.87,220.23,19.34,41.51,8.66,2531.3,True
W2_0015,15,Chamber 2,Stage A,15,13.5,1175.7,3.815,3.697,3.605,5.133,92.35,85.32,221.64,19.84,43.16,8.62,2526.9,True
W2_0016,16,Chamber 2,Stage B,16,13.6,1177.7,2.388,2.352,2.35,3.173,64.66,60.55,162.04,16.67,33.08,8.45,1146.6,True
W2_0017,17,Chamber 2,Stage A,17,13.7,1174.3,3.879,3.742,3.649,5.166,91.85,86.96,220.36,19.61,42.83,8.46,2572.3,True
W2_0018,18,Chamber 2,Stage A,18,13.8,1170.8,3.755,3.73,3.662,5.215,91.69,85.49,218.21,19.69,43.37,8.3,2546.9,True
W2_0019,19,Chamber 2,Stage A,19,13.9,1164.1,3.797,3.714,3.639,5.053,92.11,85.98,221.49,19.52,42.21,8.51,2552.6,True
W2_0020,20,Chamber 2,Stage B,20,14.0,1164.1,2.403,2.359,2.282,3.211,65.09,59.55,160.7,16.41,33.62,8.37,1140.4,True
W2_0021,21,Chamber 2,Stage A,21,14.1,1162.3,3.831,3.686,3.662,5.086,91.92,85.59,221.64,19.58,42.6,8.37,2541.0,True
W2_0022,22,Chamber 2,Stage A,22,14.2,1159.1,3.806,3.77,3.625,5.189,92.6,85.67,217.09,19.5,42.98,8.55,2541.2,True
W2_0023,23,Chamber 2,Stage A,23,14.3,1156.1,3.833,3.707,3.649,5.178,91.81,85.98,219.97,19.61,42.68,8.6,2537.2,True
W2_0024,24,Chamber 2,Stage B,24,14.4,1163.9,2.408,2.409,2.277,3.201,64.65,60.29,160.9,16.27,32.7,8.48,1143.0,True
W2_0025,25,Chamber 2,Stage A,25,14.5,1160.1,3.762,3.678,3.695,5.099,92.45,85.94,219.68,19.39,42.24,8.57,2518.1,True
W2_0026,26,Chamber 2,Stage A,26,14.6,1161.8,3.792,3.719,3.612,5.21,92.35,86.39,219.39,19.67,43.18,8.24,2545.3,True
W2_0027,27,Chamber 2,Stage A,27,14.7,1153.2,3.799,3.762,3.68,5.076,91.73,86.38,214.57,19.38,41.98,8.48,2549.1,True
W2_0028,28,Chamber 2,Stage B,28,14.8,1148.6,2.367,2.421,2.36,3.182,65.63,59.84,160.26,16.47,33.09,8.49,1146.1,True
W2_0029,29,Chamber 2,Stage A,29,14.9,1146.4,3.773,3.675,3.648,5.07,91.89,86.55,222.4,19.54,42.96,8.5,2521.7,True
W2_0030,30,Chamber 2,Stage A,30,15.0,1151.9,3.812,3.749,3.629,5.145,91.85,85.93,215.02,19.64,42.66,8.47,2525.0,True
W2_0031,31,Chamber 2,Stage A,31,15.1,1159.4,3.794,3.696,3.688,5.176,91.76,86.2,221.07,19.28,42.2,8.6,2530.5,True
W2_0032,32,Chamber 2,Stage B,32,15.2,1147.8,2.409,2.34,2.238,3.309,64.46,59.6,159.34,16.48,32.7,8.71,1104.4,True
W2_0033,33,Chamber 2,Stage A,33,15.3,1140.7,3.802,3.753,3.677,5.155,91.86,86.3,219.82,19.6,42.47,8.34,2546.3,True
W2_0034,34,Chamber 2,Stage A,34,15.4,1149.8,3.802,3.727,3.654,5.176,92.41,85.76,218.77,19.58,43.19,8.34,2534.4,True
W2_0035,35,Chamber 2,Stage A,35,15.5,1134.5,3.815,3.737,3.612,5.164,91.63,85.55,219.31,19.56,41.87,8.41,2535.3,True
W2_0036,36,Chamber 2,Stage B,36,15.6,1138.5,2.429,2.328,2.33,3.237,65.01,59.93,162.42,16.56,33.2,8.31,1170.8,True
W2_0037,37,Chamber 2,Stage A,37,15.7,1144.2,3.829,3.721,3.685,5.13,91.84,86.52,219.02,19.64,42.59,8.29,2550.5,True
W2_0038,38,Chamber 2,Stage A,38,15.8,1136.6,3.759,3.711,3.639,5.124,92.03,86.28,219.11,19.47,42.09,8.52,2517.0,True
W2_0039,39,Chamber 2,Stage A,39,15.9,1144.2,3.801,3.726,3.635,5.194,91.53,85.71,225.56,19.12,42.1,8.34,2512.9,True
W2_0040,40,Chamber 2,Stage B,40,16.0,1132.3,2.354,2.293,2.259,3.285,65.45,59.79,161.37,16.25,32.79,8.71,1096.1,True
W2_0041,41,Chamber 2,Stage A,41,16.1,1130.3,3.792,3.718,3.682,5.194,91.93,86.44,220.72,19.84,42.85,8.51,2514.7,True
W2_0042,42,Chamber 2,Stage A,42,16.2,1133.9,3.796,3.737,3.686,5.129,91.43,86.34,221.51,19.45,42.0,8.21,2519.0,True
W2_0043,43,Chamber 2,Stage A,43,16.3,1127.3,3.804,3.685,3.674,5.058,92.13,85.67,219.27,19.54,42.98,8.58,2525.0,True
W2_0044,44,Chamber 2,Stage B,44,16.4,1124.1,2.405,2.365,2.301,3.15,65.13,60.15,158.64,16.5,33.14,8.31,1115.6,True
W2_0045,45,Chamber 2,Stage A,45,16.5,1126.3,3.839,3.728,3.631,5.155,91.67,86.6,222.71,19.3,41.47,8.43,2512.1,True
W2_0046,46,Chamber 2,Stage A,46,16.6,1122.3,3.79,3.684,3.64,5.155,92.21,85.24,219.74,19.46,42.82,8.29,2490.4,True
W2_0047,47,Chamber 2,Stage A,47,16.7,1120.9,3.732,3.734,3.64,5.179,91.56,85.75,216.99,19.24,42.12,8.35,2497.9,True
W2_0048,48,Chamber 2,Stage B,48,16.8,1111.3,2.362,2.347,2.322,3.18,65.32,59.66,159.03,16.37,32.6,8.58,1124.0,True
W2_0049,49,Chamber 2,Stage A,49,16.9,1118.2,3.745,3.742,3.679,5.084,91.9,86.12,221.39,19.46,41.98,8.2,2555.5,True
W2_0050,50,Chamber 2,Stage A,50,17.0,1116.1,3.758,3.736,3.688,5.135,91.64,86.38,221.33,19.66,42.84,8.35,2519.4,True
W2_0051,51,Chamber 2,Stage A,51,17.1,1112.8,3.837,3.688,3.661,5.061,92.43,85.9,222.54,19.53,42.43,8.57,2538.6,True
W2_0052,52,Chamber 2,Stage B,52,17.2,1115.3,2.391,2.356,2.283,3.325,65.06,58.92,160.68,16.48,32.5,8.45,1128.7,True
W2_0053,53,Chamber 2,Stage A,53,17.3,1110.5,3.79,3.723,3.649,5.09,92.23,86.18,223.08,19.32,42.4,8.69,2529.5,True
W2_0054,54,Chamber 2,Stage A,54,17.4,1115.5,3.769,3.732,3.568,5.042,91.93,86.03,219.26,19.4,42.04,8.26,2490.3,True
W2_0055,55,Chamber 2,Stage A,55,17.5,1109.2,3.812,3.702,3.64,5.06,91.96,86.44,221.37,19.43,42.67,8.71,2536.6,True
W2_0056,56,Chamber 2,Stage B,56,17.6,1103.6,2.421,2.396,2.298,3.251,65.52,59.95,157.36,16.55,32.77,8.82,1126.7,True
W2_0057,57,Chamber 2,Stage A,57,17.7,1105.1,3.808,3.67,3.639,5.142,91.89,85.38,223.19,19.5,42.62,8.52,2493.9,True
W2_0058,58,Chamber 2,Stage A,58,17.8,1106.0,3.765,3.768,3.629,5.038,92.53,85.8,218.78,19.68,42.6,8.24,2526.4,True
W2_0059,59,Chamber 2,Stage A,59,17.9,1107.0,3.798,3.673,3.624,5.139,91.69,86.08,221.36,19.37,42.43,8.64,2488.8,True
W2_0060,60,Chamber 2,Stage B,60,18.0,1102.8,2.471,2.309,2.297,3.121,65.08,60.15,159.92,16.48,32.52,8.4,1117.1,True
W2_0061,61,Chamber 2,Stage A,61,18.1,1095.9,3.753,3.738,3.636,5.092,91.7,85.84,220.76,19.28,42.07,8.3,2517.5,True
W2_0062,62,Chamber 2,Stage A,62,18.2,1105.0,3.78,3.695,3.702,5.158,91.63,86.44,220.4,19.47,41.99,8.54,2499.2,True
W2_0063,63,Chamber 2,Stage A,63,18.3,1097.6,3.762,3.77,3.645,5.145,92.33,85.75,221.73,19.27,41.81,8.09,2504.2,True
W2_0064,64,Chamber 2,Stage B,64,18.4,1095.5,2.421,2.359,2.284,3.258,65.05,60.37,161.55,16.34,32.38,8.5,1119.3,True
W2_0065,65,Chamber 2,Stage A,65,18.5,1094.8,3.821,3.722,3.648,5.137,91.79,85.63,216.49,19.49,42.24,8.4,2505.7,True
W2_0066,66,Chamber 2,Stage A,66,18.6,1091.2,3.768,3.754,3.682,5.074,91.67,86.48,219.71,19.21,41.8,8.17,2503.7,True
W2_0067,67,Chamber 2,Stage A,67,18.7,1091.7,3.844,3.715,3.68,5.201,92.57,86.11,216.07,19.81,42.82,8.57,2537.7,True
W2_0068,68,Chamber 2,Stage B,68,18.8,1085.1,2.433,2.362,2.229,3.215,65.48,59.68,159.55,16.42,33.43,8.34,1116.1,True
W2_0069,69,Chamber 2,Stage A,69,18.9,1082.3,3.818,3.739,3.672,5.147,93.17,85.59,216.58,19.24,41.45,8.44,2508.0,True
W2_0070,70,Chamber 2,Stage A,70,19.0,1085.1,3.816,3.709,3.643,5.175,91.69,85.89,220.73,19.23,41.5,8.21,2521.3,True
W2_0071,71,Chamber 2,Stage A,71,19.1,1074.0,3.825,3.718,3.657,5.213,91.15,86.17,224.27,19.63,42.65,8.54,2493.8,True
W2_0072,72,Chamber 2,Stage B,72,19.2,1079.5,2.365,2.319,2.329,3.284,65.13,60.33,159.67,16.39,32.66,8.68,1122.6,True
W2_0073,73,Chamber 2,Stage A,73,19.3,1078.4,3.829,3.69,3.615,5.164,91.96,85.82,221.78,19.56,42.54,8.41,2507.0,True
W2_0074,74,Chamber 2,Stage A,74,19.4,1072.2,3.837,3.696,3.621,5.012,92.67,85.65,219.75,19.4,42.4,8.36,2500.6,True
W2_0075,75,Chamber 2,Stage A,75,19.5,1079.2,3.775,3.661,3.605,5.139,91.21,85.41,220.0,19.48,43.16,8.42,2453.1,True
W2_0076,76,Chamber 2,Stage B,76,19.6,1067.5,2.382,2.307,2.304,3.231,64.83,60.18,158.5,16.28,32.72,8.33,1117.1,True
W2_0077,77,Chamber 2,Stage A,77,19.7,1068.5,3.783,3.716,3.629,5.102,92.75,85.66,224.88,19.7,42.4,8.57,2472.3,True
W2_0078,78,Chamber 2,Stage A,78,19.8,1072.3,3.777,3.725,3.596,5.131,92.68,86.06,219.41,19.72,42.27,8.41,2511.8,True
W2_0079,79,Chamber 2,Stage A,79,19.9,1071.9,3.8,3.755,3.681,5.09,91.79,85.47,220.82,19.17,41.65,8.6,2477.8,True
W2_0080,80,Chamber 2,Stage B,80,20.0,1067.6,2.378,2.343,2.255,3.249,64.98,59.71,159.62,16.52,31.97,8.53,1086.6,True
W2_0081,81,Chamber 2,Stage A,81,20.1,1068.0,3.83,3.83,3.611,5.152,91.72,85.78,218.56,19.56,41.87,8.33,2500.4,True
W2_0082,82,Chamber 2,Stage A,82,20.2,1059.6,3.786,3.713,3.657,5.072,91.86,85.66,218.22,19.68,42.42,8.18,2489.8,True
W2_0083,83,Chamber 2,Stage A,83,20.3,1062.8,3.767,3.801,3.701,5.128,92.1,85.75,220.86,19.25,41.23,8.39,2485.0,True
W2_0084,84,Chamber 2,Stage B,84,20.4,1065.3,2.368,2.329,2.33,3.252,65.0,60.35,160.96,16.25,32.42,8.72,1101.1,True
W2_0085,85,Chamber 2,Stage A,85,20.5,1055.8,3.839,3.753,3.594,5.184,91.26,86.36,219.26,19.13,42.07,8.61,2467.8,True
W2_0086,86,Chamber 2,Stage A,86,20.6,1057.8,3.747,3.727,3.702,5.263,92.04,86.45,220.46,19.46,42.19,8.57,2478.3,True
W2_0087,87,Chamber 2,Stage A,87,20.7,1051.2,3.798,3.749,3.616,5.127,92.76,86.47,222.7,19.66,42.72,8.5,2464.8,True
W2_0088,88,Chamber 2,Stage B,88,20.8,1059.1,2.439,2.344,2.284,3.177,64.78,59.44,164.18,16.49,32.76,8.5,1117.1,True
W2_0089,89,Chamber 2,Stage A,89,20.9,1059.6,3.781,3.715,3.671,5.104,92.0,86.16,221.57,19.58,42.37,8.23,2489.1,True
W2_0090,90,Chamber 2,Stage A,90,21.0,1051.7,3.841,3.764,3.691,5.145,92.01,86.35,221.46,19.46,42.54,8.45,2526.6,True
W2_0091,91,Chamber 2,Stage A,91,21.1,1051.9,3.861,3.675,3.631,5.132,92.45,86.16,220.62,19.17,41.92,8.33,2473.4,True
W2_0092,92,Chamber 2,Stage B,92,21.2,1046.0,2.371,2.4,2.341,3.161,64.63,59.09,158.43,16.23,32.67,8.61,1114.3,True
W2_0093,93,Chamber 2,Stage A,93,21.3,1054.4,3.8,3.721,3.61,5.072,92.39,86.16,222.1,19.41,41.69,8.55,2469.8,True
W2_0094,94,Chamber 2,Stage A,94,21.4,1041.2,3.821,3.77,3.666,5.094,92.05,86.09,218.12,19.23,42.71,8.44,2508.5,True
W2_0095,95,Chamber 2,Stage A,95,21.5,1042.0,3.759,3.759,3.67,5.193,92.32,86.82,221.12,19.42,42.78,8.48,2478.5,True
W2_0096,96,Chamber 2,Stage B,96,21.6,1041.3,2.337,2.356,2.247,3.243,65.35,59.81,163.35,16.25,32.88,8.28,1128.1,True
W2_0097,97,Chamber 2,Stage A,97,21.7,1036.0,3.774,3.682,3.641,5.124,92.04,85.88,221.27,18.92,41.3,8.44,2454.4,True
W2_0098,98,Chamber 2,Stage A,98,21.8,1038.1,3.805,3.763,3.62,5.183,91.83,86.7,219.27,19.43,42.32,8.37,2468.3,True
W2_0099,99,Chamber 2,Stage A,99,21.9,1034.0,3.84,3.666,3.649,5.161,92.08,86.52,219.85,19.45,42.4,8.47,2476.2,True
W2_0100,100,Chamber 2,Stage B,100,22.0,1032.0,2.382,2.336,2.345,3.079,65.16,60.01,156.64,16.16,32.87,8.55,1123.4,True
W2_0101,101,Chamber 2,Stage A,101,22.1,1035.5,3.821,3.746,3.622,5.163,91.85,85.17,222.34,19.32,41.63,8.38,2451.6,True
W2_0102,102,Chamber 2,Stage A,102,22.2,1033.1,3.76,3.702,3.645,5.225,91.95,86.43,220.08,19.42,41.91,8.43,2471.7,True
W2_0103,103,Chamber 2,Stage A,103,22.3,1028.9,3.836,3.695,3.636,5.094,92.13,85.86,221.46,19.2,42.32,8.36,2490.1,True
W2_0104,104,Chamber 2,Stage B,104,22.4,1028.7,2.339,2.357,2.305,3.236,65.4,60.3,160.6,16.24,33.09,8.57,1098.6,True
W2_0105,105,Chamber 2,Stage A,105,22.5,1026.8,3.824,3.699,3.596,5.138,92.11,86.6,217.46,19.53,42.81,8.67,2448.3,True
W2_0106,106,Chamber 2,Stage A,106,22.6,1024.9,3.817,3.706,3.695,5.074,91.3,86.44,215.45,19.65,43.24,8.47,2460.2,True
W2_0107,107,Chamber 2,Stage A,107,22.7,1026.2,3.805,3.744,3.617,5.214,92.1,86.29,218.74,19.28,42.11,8.69,2442.9,True
W2_0108,108,Chamber 2,Stage B,108,22.8,1025.7,2.387,2.326,2.285,3.275,64.75,59.95,160.03,16.22,32.37,8.21,1100.8,True
W2_0109,109,Chamber 2,Stage A,109,22.9,1023.6,3.822,3.779,3.646,5.162,91.77,86.98,223.97,19.48,42.8,8.5,2468.4,True
W2_0110,110,Chamber 2,Stage A,110,23.0,1021.6,3.802,3.729,3.623,5.044,92.09,86.36,219.55,19.31,41.52,8.72,2451.3,True
W2_0111,111,Chamber 2,Stage A,111,23.1,1014.3,3.777,3.765,3.707,5.128,92.5,85.58,222.15,19.23,42.5,8.66,2458.4,True
W2_0112,112,Chamber 2,Stage B,112,23.2,1003.0,2.371,2.356,2.291,3.199,64.58,59.71,162.24,16.37,32.27,8.4,1089.5,True
W2_0113,113,Chamber 2,Stage A,113,23.3,1015.0,3.831,3.767,3.616,5.081,91.82,85.7,220.45,19.17,42.14,8.21,2468.2,True
W2_0114,114,Chamber 2,Stage A,114,23.4,1014.8,3.746,3.743,3.644,5.107,92.1,86.19,221.42,19.37,41.75,8.68,2485.3,True
W2_0115,115,Chamber 2,Stage A,115,23.5,1008.4,3.871,3.766,3.655,5.145,91.99,85.3,220.04,19.44,42.07,8.68,2447.2,True
W2_0116,116,Chamber 2,Stage B,116,23.6,1007.7,2.369,2.327,2.265,3.195,65.57,59.63,160.25,16.5,33.05,8.42,1084.6,True
W2_0117,117,Chamber 2,Stage A,117,23.7,1007.8,3.764,3.782,3.625,5.163,92.42,85.78,222.08,19.45,42.53,8.61,2437.7,True
W2_0118,118,Chamber 2,Stage A,118,23.8,1002.1,3.802,3.712,3.591,5.154,92.79,86.19,221.22,19.46,42.44,8.59,2435.1,True
W2_0119,119,Chamber 2,Stage A,119,23.9,1009.2,3.793,3.733,3.639,5.146,92.18,86.33,222.57,19.25,41.5,8.51,2417.0,True
W2_0120,120,Chamber 2,Stage B,120,24.0,1006.7,2.404,2.363,2.345,3.208,65.23,59.96,159.63,16.56,32.77,8.38,1071.9,True
W2_0121,121,Chamber 2,Stage A,121,24.1,995.8,3.832,3.727,3.641,5.15,92.92,85.29,221.56,19.35,42.0,8.36,2446.3,True
W2_0122,122,Chamber 2,Stage A,122,24.2,999.9,3.831,3.67,3.664,5.114,91.53,86.08,216.89,19.11,41.6,8.51,2420.8,True
W2_0123,123,Chamber 2,Stage A,123,24.3,1002.0,3.777,3.722,3.603,5.162,92.71,87.12,220.18,19.27,41.89,8.62,2435.7,True
W2_0124,124,Chamber 2,Stage B,124,24.4,995.3,2.392,2.338,2.318,3.187,65.41,59.58,157.9,16.28,32.47,8.36,1077.1,True
W2_0125,125,Chamber 2,Stage A,125,24.5,993.4,3.765,3.689,3.711,5.087,91.87,85.85,219.16,19.34,42.2,8.59,2445.3,True
W2_0126,126,Chamber 2,Stage A,126,24.6,993.9,3.852,3.657,3.654,5.226,91.86,85.91,220.59,19.26,41.74,8.42,2443.3,True
W2_0127,127,Chamber 2,Stage A,127,24.7,997.4,3.808,3.748,3.64,5.091,91.76,86.0,217.88,19.03,42.45,8.42,2427.6,True
W2_0128,128,Chamber 2,Stage B,128,24.8,986.9,2.404,2.375,2.307,3.207,64.1,60.08,158.45,16.59,32.96,8.38,1085.4,True
W2_0129,129,Chamber 2,Stage A,129,24.9,991.2,3.765,3.738,3.701,5.118,91.05,86.27,221.97,19.37,42.15,8.26,2411.7,True
W2_0130,130,Chamber 2,Stage A,130,25.0,984.3,3.788,3.679,3.587,5.193,92.25,86.04,219.12,18.98,41.31,8.42,2391.9,True
W2_0131,131,Chamber 2,Stage A,131,25.1,977.7,3.818,3.723,3.672,5.197,92.42,86.19,220.02,19.51,42.85,8.35,2469.7,True
W2_0132,132,Chamber 2,Stage B,132,25.2,975.3,2.365,2.378,2.312,3.306,64.99,59.65,159.57,16.4,32.62,8.27,1085.1,True
W2_0133,133,Chamber 2,Stage A,133,25.3,978.3,3.789,3.687,3.683,5.101,91.57,86.01,218.72,19.04,41.21,8.72,2411.3,True
W2_0134,134,Chamber 2,Stage A,134,25.4,981.3,3.757,3.76,3.668,5.129,92.55,86.27,218.35,19.49,42.45,8.34,2420.4,True
W2_0135,135,Chamber 2,Stage A,135,25.5,978.5,3.777,3.721,3.691,5.097,91.37,85.58,221.99,19.36,41.67,8.54,2395.2,True
W2_0136,136,Chamber 2,Stage B,136,25.6,981.6,2.378,2.325,2.285,3.221,64.98,60.09,152.62,16.22,32.84,8.38,1072.2,True
W2_0137,137,Chamber 2,Stage A,137,25.7,978.2,3.761,3.736,3.624,5.105,91.68,85.71,225.44,19.26,42.33,8.63,2403.4,True
W2_0138,138,Chamber 2,Stage A,138,25.8,972.3,3.774,3.753,3.669,5.223,91.83,85.56,219.28,19.14,40.64,8.72,2404.0,True
W2_0139,139,Chamber 2,Stage A,139,25.9,976.7,3.828,3.707,3.592,5.232,91.6,85.58,222.21,19.4,41.9,8.44,2387.8,True
W2_0140,140,Chamber 2,Stage B,140,26.0,968.8,2.336,2.375,2.279,3.309,65.06,59.73,161.33,16.33,32.21,8.63,1066.5,True
W2_0141,141,Chamber 2,Stage A,141,26.1,966.5,4.142,3.984,3.658,5.116,91.66,85.7,219.57,19.58,42.25,7.96,2519.0,True
W2_0142,142,Chamber 2,Stage A,142,26.2,971.5,4.166,4.074,3.675,5.105,92.22,85.91,219.61,19.61,43.27,8.56,2578.0,True
W2_0143,143,Chamber 2,Stage A,143,26.3,961.1,4.151,4.002,3.661,5.173,92.36,85.55,218.69,19.71,42.49,8.65,2541.9,True
W2_0144,144,Chamber 2,Stage B,144,26.4,968.2,2.694,2.682,2.264,3.228,65.13,60.52,161.34,16.52,33.27,8.39,1166.1,True
W2_0145,145,Chamber 2,Stage A,145,26.5,961.2,4.125,4.044,3.697,5.058,91.49,85.35,220.75,19.77,43.47,8.52,2536.1,True
W2_0146,146,Chamber 2,Stage A,146,26.6,960.3,4.07,4.125,3.664,5.141,92.25,86.28,219.72,19.67,43.31,8.41,2577.8,True
W2_0147,147,Chamber 2,Stage A,147,26.7,962.7,4.142,4.086,3.649,5.146,92.32,85.71,220.11,19.41,43.28,8.52,2532.7,True
W2_0148,148,Chamber 2,Stage B,148,26.8,957.6,2.741,2.641,2.322,3.313,64.99,61.04,156.55,16.64,33.71,8.6,1173.9,True
W2_0149,149,Chamber 2,Stage A,149,26.9,954.6,4.144,4.062,3.679,5.079,91.91,85.62,219.23,19.68,43.72,8.65,2544.9,True
W2_0150,150,Chamber 2,Stage A,150,27.0,945.2,4.101,4.042,3.682,5.136,91.68,85.63,219.1,19.72,42.82,8.51,2528.3,True
W2_0151,151,Chamber 2,Stage A,151,27.1,951.5,4.095,4.024,3.624,5.14,91.94,85.78,220.86,19.84,42.72,8.76,2510.6,True
W2_0152,152,Chamber 2,Stage B,152,27.2,953.9,2.708,2.676,2.309,3.211,64.64,59.82,160.47,16.64,33.11,8.59,1174.6,True
W2_0153,153,Chamber 2,Stage A,153,27.3,946.4,4.118,4.037,3.654,5.073,91.92,86.3,221.28,19.73,42.66,8.46,2530.0,True
W2_0154,154,Chamber 2,Stage A,154,27.4,944.7,4.109,4.042,3.635,5.163,91.84,86.64,222.93,19.6,42.64,8.37,2558.4,True
W2_0155,155,Chamber 2,Stage A,155,27.5,942.4,4.131,4.06,3.618,5.087,91.52,85.65,214.3,19.69,43.52,8.58,2503.0,True
W2_0156,156,Chamber 2,Stage B,156,27.6,943.9,2.689,2.698,2.328,3.182,65.29,60.61,163.81,16.51,33.91,8.93,1165.9,True
W2_0157,157,Chamber 2,Stage A,157,27.7,941.6,4.103,4.056,3.608,5.118,92.51,85.98,220.28,19.81,42.71,8.57,2516.4,True
W2_0158,158,Chamber 2,Stage A,158,27.8,934.6,4.152,4.008,3.618,5.033,91.78,86.53,219.76,19.44,42.13,8.3,2523.5,True
W2_0159,159,Chamber 2,Stage A,159,27.9,936.6,4.153,4.042,3.651,5.116,92.31,86.31,220.67,19.59,42.97,8.58,2535.8,True
W2_0160,160,Chamber 2,Stage B,160,28.0,930.1,2.706,2.651,2.318,3.306,65.47,59.5,162.58,16.61,32.94,8.45,1162.3,True
W2_0161,161,Chamber 2,Stage A,161,28.1,928.6,4.138,4.084,3.643,5.198,91.92,86.34,215.56,19.62,43.35,8.86,2535.2,True
W2_0162,162,Chamber 2,Stage A,162,28.2,941.1,4.133,4.056,3.62,5.186,92.32,86.39,220.02,19.61,43.11,8.29,2545.0,True
W2_0163,163,Chamber 2,Stage A,163,28.3,929.4,4.119,4.109,3.651,5.111,91.75,86.65,218.44,19.69,42.54,8.61,2526.7,True
W2_0164,164,Chamber 2,Stage B,164,28.4,927.4,2.754,2.72,2.323,3.207,64.8,60.03,160.64,16.46,33.37,8.35,1156.9,True
W2_0165,165,Chamber 2,Stage A,165,28.5,924.9,4.118,4.101,3.655,5.088,92.09,85.86,220.65,19.94,43.28,8.59,2537.0,True
W2_0166,166,Chamber 2,Stage A,166,28.6,932.1,4.186,4.054,3.623,5.213,92.83,85.99,218.99,19.79,43.55,8.47,2533.4,True
W2_0167,167,Chamber 2,Stage A,167,28.7,914.9,4.111,4.075,3.639,5.152,91.95,85.98,219.25,19.73,42.25,8.7,2523.7,True
W2_0168,168,Chamber 2,Stage B,168,28.8,925.9,2.703,2.618,2.275,3.083,64.95,59.54,160.12,16.67,32.87,8.26,1156.7,True
W2_0169,169,Chamber 2,Stage A,169,28.9,918.6,4.11,4.104,3.601,5.06,91.97,86.9,219.6,19.55,42.55,8.47,2528.5,True
W2_0170,170,Chamber 2,Stage A,170,29.0,915.5,4.099,4.005,3.651,5.076,91.53,85.83,219.02,19.57,42.76,8.42,2484.7,True
W2_0171,171,Chamber 2,Stage A,171,29.1,915.4,4.123,4.049,3.603,5.18,91.65,86.04,222.33,19.66,42.52,8.64,2499.6,True
W2_0172,172,Chamber 2,Stage B,172,29.2,917.1,2.376,2.29,2.309,3.236,65.45,60.14,162.67,16.46,32.4,8.4,1029.6,True
W2_0173,173,Chamber 2,Stage A,173,29.3,916.3,3.74,3.716,3.661,5.104,91.58,86.34,219.79,19.38,42.45,8.43,2369.8,True
W2_0174,174,Chamber 2,Stage A,174,29.4,905.2,3.805,3.652,3.628,5.106,91.25,85.54,216.04,19.34,42.11,8.49,2314.4,True
W2_0175,175,Chamber 2,Stage A,175,29.5,909.9,3.747,3.686,3.621,5.122,91.59,86.14,219.54,19.39,41.57,8.5,2333.4,True
W2_0176,176,Chamber 2,Stage B,176,29.6,912.0,2.427,2.378,2.276,3.231,65.11,59.89,161.17,16.43,32.27,8.54,1045.6,True
W2_0177,177,Chamber 2,Stage A,177,29.7,909.8,3.751,3.734,3.629,5.093,91.42,85.81,222.17,19.33,42.28,8.5,2329.3,True
W2_0178,178,Chamber 2,Stage A,178,29.8,906.2,3.784,3.709,3.602,5.176,91.85,86.07,217.93,19.24,41.28,8.57,2351.6,True
W2_0179,179,Chamber 2,Stage A,179,29.9,911.1,3.747,3.814,3.7,5.166,91.7,85.95,218.91,19.29,41.67,8.69,2386.4,True
W2_0180,180,Chamber 2,Stage B,180,30.0,906.8,2.446,2.375,2.296,3.078,65.12,60.0,160.28,16.36,32.44,8.51,1073.0,True
W2_0181,181,Chamber 2,Stage A,181,30.1,899.2,3.818,3.712,3.646,5.135,92.04,86.4,221.29,19.15,42.55,8.81,2378.5,True
W2_0182,182,Chamber 2,Stage A,182,30.2,900.7,3.776,3.712,3.635,5.161,91.38,85.57,220.69,19.19,41.51,8.59,2320.1,True
W2_0183,183,Chamber 2,Stage A,183,30.3,897.1,3.845,3.663,3.641,5.063,91.34,86.39,221.09,19.31,41.8,8.57,2374.2,True
W2_0184,184,Chamber 2,Stage B,184,30.4,896.4,2.422,2.352,2.249,3.138,64.77,60.42,161.58,16.18,32.71,8.64,1050.2,True
W2_0185,185,Chamber 2,Stage A,185,30.5,895.2,3.795,3.764,3.627,5.063,92.01,85.84,226.75,19.03,41.22,8.6,2333.7,True
W2_0186,186,Chamber 2,Stage A,186,30.6,888.8,3.843,3.758,3.655,5.114,92.11,85.79,223.44,19.27,41.09,8.47,2374.6,True
W2_0187,187,Chamber 2,Stage A,187,30.7,890.2,3.777,3.748,3.604,5.183,91.79,85.84,217.75,19.42,42.66,8.56,2347.5,True
W2_0188,188,Chamber 2,Stage B,188,30.8,898.6,2.441,2.376,2.216,3.19,65.38,60.06,157.95,16.46,32.07,8.4,1059.5,True
W2_0189,189,Chamber 2,Stage A,189,30.9,882.5,3.826,3.755,3.707,5.149,91.93,86.41,222.91,19.33,41.64,8.43,2381.8,True
W2_0190,190,Chamber 2,Stage A,190,31.0,884.5,3.857,3.705,3.64,5.085,93.08,86.1,218.3,19.48,42.03,8.63,2349.0,True
W2_0191,191,Chamber 2,Stage A,191,31.1,885.5,3.74,3.684,3.702,5.212,92.03,86.67,219.68,19.24,41.62,8.46,2354.3,True
W2_0192,192,Chamber 2,Stage B,192,31.2,884.5,2.421,2.383,2.316,3.191,64.46,60.06,159.66,16.21,33.19,8.51,1020.3,True
W2_0193,193,Chamber 2,Stage A,193,31.3,879.3,3.789,3.733,3.666,5.194,91.4,85.78,220.86,19.47,42.64,8.62,2314.7,True
W2_0194,194,Chamber 2,Stage A,194,31.4,876.2,3.782,3.744,3.656,5.064,91.83,86.35,220.7,19.33,42.28,8.59,2332.2,True
W2_0195,195,Chamber 2,Stage A,195,31.5,878.7,3.807,3.651,3.642,5.12,91.45,85.63,221.62,19.21,41.56,8.53,2324.5,True
W2_0196,196,Chamber 2,Stage B,196,31.6,877.3,2.356,2.401,2.315,3.211,64.5,60.16,159.77,16.4,32.06,8.74,1055.2,True
W2_0197,197,Chamber 2,Stage A,197,31.7,874.4,3.82,3.723,3.655,5.188,92.25,85.93,222.7,19.43,41.89,8.15,2336.9,True
W2_0198,198,Chamber 2,Stage A,198,31.8,869.8,3.83,3.692,3.656,5.101,92.12,85.97,220.19,19.29,41.53,8.42,2321.1,True
W2_0199,199,Chamber 2,Stage A,199,31.9,872.3,3.818,3.723,3.673,5.085,91.29,85.79,218.47,19.14,41.57,8.49,2324.4,True
W2_0200,200,Chamber 2,Stage B,200,32.0,871.3,2.406,2.351,2.319,3.2,65.56,59.91,157.38,16.52,32.48,8.53,1034.2,True
W2_0201,201,Chamber 2,Stage A,201,32.1,870.2,3.747,3.738,3.621,5.099,91.56,86.29,222.01,19.03,41.65,8.5,2275.2,True
W2_0202,202,Chamber 2,Stage A,202,32.2,864.4,3.767,3.754,3.637,5.16,92.56,85.52,218.87,19.35,41.92,8.49,2326.9,True
W2_0203,203,Chamber 2,Stage A,203,32.3,867.3,3.805,3.677,3.714,5.063,91.87,85.99,223.83,19.51,42.53,8.3,2309.3,True
W2_0204,204,Chamber 2,Stage B,204,32.4,861.6,2.378,2.39,2.275,3.234,64.78,59.6,161.48,16.47,31.96,8.58,1067.6,True
W2_0205,205,Chamber 2,Stage A,205,32.5,860.0,3.857,3.716,3.607,5.115,92.42,85.66,218.8,19.26,41.77,8.59,2326.9,True
W2_0206,206,Chamber 2,Stage A,206,32.6,860.9,3.807,3.696,3.687,5.098,92.45,85.91,220.4,19.03,40.74,8.43,2318.5,True
W2_0207,207,Chamber 2,Stage A,207,32.7,857.2,3.83,3.711,3.622,5.058,92.19,86.55,222.53,19.35,42.35,8.61,2331.5,True
W2_0208,208,Chamber 2,Stage B,208,32.8,856.8,2.359,2.331,2.304,3.243,65.77,60.03,162.36,16.22,31.88,8.43,1039.9,True
W2_0209,209,Chamber 2,Stage A,209,32.9,860.1,3.828,3.729,3.637,5.237,91.96,86.47,219.2,19.12,42.01,8.61,2320.8,True
W2_0210,210,Chamber 2,Stage A,210,33.0,855.2,3.816,3.737,3.596,5.094,92.16,86.16,222.43,19.17,41.69,8.48,2275.3,True
W2_0211,211,Chamber 2,Stage A,211,33.1,859.6,3.805,3.705,3.599,5.161,91.89,86.22,223.73,19.26,41.15,8.18,2272.1,True
W2_0212,212,Chamber 2,Stage B,212,33.2,854.8,2.404,2.349,2.298,3.218,65.42,59.57,160.69,16.32,32.99,8.44,1040.2,True
W2_0213,213,Chamber 2,Stage A,213,33.3,851.3,3.757,3.777,3.573,5.092,91.82,86.23,220.44,19.04,41.14,8.47,2302.3,True
W2_0214,214,Chamber 2,Stage A,214,33.4,845.7,3.848,3.7,3.669,5.116,92.48,86.41,220.42,19.3,42.21,8.45,2303.5,True
W2_0215,215,Chamber 2,Stage A,215,33.5,846.3,3.845,3.758,3.615,5.072,92.51,85.55,221.02,19.54,41.94,8.41,2314.9,True
W2_0216,216,Chamber 2,Stage B,216,33.6,850.2,2.341,2.286,2.297,3.252,64.55,59.56,161.12,16.13,32.35,8.58,997.6,True
W2_0217,217,Chamber 2,Stage A,217,33.7,846.4,3.802,3.728,3.717,5.06,92.32,86.67,219.35,19.2,41.15,8.63,2337.3,True
W2_0218,218,Chamber 2,Stage A,218,33.8,843.6,3.847,3.722,3.684,5.113,92.36,86.08,220.89,19.09,40.75,8.56,2293.1,True
W2_0219,219,Chamber 2,Stage A,219,33.9,848.0,3.826,3.734,3.614,5.199,92.81,86.06,221.02,19.29,41.74,8.53,2320.7,True
W2_0220,220,Chamber 2,Stage B,220,34.0,833.5,2.358,2.349,2.269,3.32,64.76,59.42,161.28,16.34,32.35,8.76,1029.3,True
W2_0221,221,Chamber 2,Stage A,221,34.1,836.5,3.797,3.71,3.613,5.114,92.44,86.23,221.29,19.23,41.42,8.52,2292.8,True
W2_0222,222,Chamber 2,Stage A,222,34.2,831.2,3.81,3.72,3.637,5.288,92.36,86.17,219.53,19.01,41.56,8.43,2272.1,True
W2_0223,223,Chamber 2,Stage A,223,34.3,824.2,3.806,3.717,3.692,5.056,91.7,86.61,220.26,19.45,42.08,8.63,2296.9,True
W2_0224,224,Chamber 2,Stage B,224,34.4,825.2,2.391,2.378,2.32,3.271,64.85,59.74,162.54,16.47,32.41,8.43,1039.3,True
W2_0225,225,Chamber 2,Stage A,225,34.5,834.5,3.764,3.741,3.646,5.107,92.41,86.07,220.1,19.08,41.82,8.62,2297.5,True
W2_0226,226,Chamber 2,Stage A,226,34.6,825.9,3.759,3.714,3.682,5.188,91.93,85.71,221.91,19.07,40.63,8.68,2285.2,True
W2_0227,227,Chamber 2,Stage A,227,34.7,822.2,3.82,3.703,3.585,5.109,92.03,85.89,217.68,19.23,41.44,8.23,2285.6,True
W2_0228,228,Chamber 2,Stage B,228,34.8,826.5,2.365,2.367,2.323,3.26,64.19,59.65,159.94,16.35,32.39,8.57,1011.9,True
W2_0229,229,Chamber 2,Stage A,229,34.9,817.8,3.809,3.726,3.64,5.134,92.19,86.11,220.76,19.32,41.38,8.7,2263.1,True
W2_0230,230,Chamber 2,Stage A,230,35.0,822.9,3.81,3.739,3.611,5.111,91.76,85.81,221.89,19.04,41.21,8.61,2291.0,True
W2_0231,231,Chamber 2,Stage A,231,35.1,812.2,3.779,3.746,3.646,5.116,92.17,85.7,219.31,19.32,41.44,8.52,2262.7,True
W2_0232,232,Chamber 2,Stage B,232,35.2,822.3,2.34,2.347,2.284,3.25,65.05,59.36,156.37,16.1,32.06,8.54,1007.3,True
W2_0233,233,Chamber 2,Stage A,233,35.3,817.8,3.808,3.699,3.649,5.062,92.42,86.03,216.46,19.22,41.51,8.45,2256.3,True
W2_0234,234,Chamber 2,Stage A,234,35.4,816.0,3.781,3.659,3.637,5.179,91.85,86.7,220.86,19.11,41.26,8.55,2253.7,True
W2_0235,235,Chamber 2,Stage A,235,35.5,810.6,3.772,3.692,3.614,5.232,92.21,86.12,217.88,19.04,41.33,8.59,2256.7,True
W2_0236,236,Chamber 2,Stage B,236,35.6,808.6,2.377,2.374,2.258,3.268,65.27,59.65,158.36,16.34,32.22,8.47,1033.4,True
W2_0237,237,Chamber 2,Stage A,237,35.7,807.5,3.749,3.749,3.698,5.15,91.56,85.95,217.76,18.92,40.82,8.6,2265.8,True
W2_0238,238,Chamber 2,Stage A,238,35.8,808.7,3.805,3.725,3.618,5.161,91.98,85.6,224.48,19.32,41.69,8.57,2253.5,True
W2_0239,239,Chamber 2,Stage A,239,35.9,801.0,3.77,3.72,3.642,5.139,92.13,86.22,220.48,19.03,40.87,8.32,2274.9,True
W2_0240,240,Chamber 2,Stage B,240,36.0,810.0,2.389,2.381,2.295,3.263,64.94,60.1,159.54,16.25,31.93,8.6,1020.8,True
W2_0241,241,Chamber 2,Stage A,241,36.1,802.0,3.788,3.768,3.628,5.196,92.33,85.63,220.61,19.22,41.55,8.49,2282.7,True
W2_0242,242,Chamber 2,Stage A,242,36.2,801.1,3.825,3.717,3.698,5.096,91.75,86.61,219.11,19.13,41.78,8.74,2275.3,True
W2_0243,243,Chamber 2,Stage A,243,36.3,800.3,3.835,3.772,3.627,5.17,92.31,86.43,221.0,19.18,41.13,8.21,2292.5,True
W2_0244,244,Chamber 2,Stage B,244,36.4,803.8,2.434,2.362,2.265,3.114,65.06,59.91,158.05,16.32,32.09,8.24,1011.6,True
W2_0245,245,Chamber 2,Stage A,245,36.5,795.6,3.769,3.75,3.649,5.165,91.83,86.43,220.59,19.22,41.3,8.4,2237.6,True
W2_0246,246,Chamber 2,Stage A,246,36.6,793.9,3.812,3.725,3.688,5.169,92.0,86.09,220.59,18.84,40.7,8.56,2281.9,True
W2_0247,247,Chamber 2,Stage A,247,36.7,792.0,3.794,3.751,3.661,5.074,91.97,85.87,216.51,19.0,41.28,8.4,2271.1,True
W2_0248,248,Chamber 2,Stage B,248,36.8,796.8,2.401,2.364,2.28,3.263,64.85,59.64,161.15,16.26,32.6,8.72,976.6,True
W2_0249,249,Chamber 2,Stage A,249,36.9,797.3,3.862,3.77,3.638,5.072,91.57,85.33,219.79,19.29,41.42,8.74,2246.1,True
W2_0250,250,Chamber 2,Stage A,250,37.0,785.5,3.86,3.72,3.631,5.165,91.86,85.54,222.56,19.05,41.01,8.68,2247.0,True
W2_0251,251,Chamber 2,Stage A,251,37.1,790.1,3.79,3.755,3.67,5.199,91.6,85.86,221.52,19.52,42.01,8.57,2253.5,True
W2_0252,252,Chamber 2,Stage B,252,37.2,784.5,2.39,2.352,2.331,3.321,65.29,59.97,162.75,16.23,32.26,8.17,1016.8,True
W2_0253,253,Chamber 2,Stage A,253,37.3,780.1,3.817,3.7,3.665,5.18,92.49,86.81,220.49,19.0,40.75,8.54,2273.2,True
W2_0254,254,Chamber 2,Stage A,254,37.4,781.8,3.824,3.724,3.643,5.142,91.84,85.83,216.59,19.14,40.98,8.46,2246.9,True
W2_0255,255,Chamber 2,Stage A,255,37.5,783.0,3.83,3.741,3.639,5.107,92.13,86.23,222.8,19.18,41.17,8.68,2264.9,True
W2_0256,256,Chamber 2,Stage B,256,37.6,775.5,2.398,2.314,2.274,3.254,65.14,59.56,160.09,16.16,32.3,8.59,1006.9,True
W2_0257,257,Chamber 2,Stage A,257,37.7,772.2,3.769,3.71,3.645,5.111,91.91,86.13,219.66,18.93,40.75,8.49,2248.2,True
W2_0258,258,Chamber 2,Stage A,258,37.8,773.2,3.746,3.743,3.658,5.08,91.39,86.61,222.83,19.03,41.59,8.13,2219.3,True
W2_0259,259,Chamber 2,Stage A,259,37.9,777.5,3.766,3.673,3.68,5.038,92.1,86.35,217.1,19.2,41.83,8.36,2242.6,True
W2_0260,260,Chamber 2,Stage B,260,38.0,771.1,2.408,2.325,2.292,3.254,64.92,60.38,156.94,16.22,32.09,8.28,967.6,True
W2_0261,261,Chamber 2,Stage A,261,38.1,769.3,3.798,3.744,3.65,5.123,92.47,85.48,221.07,19.13,40.64,8.25,2229.3,True
W2_0262,262,Chamber 2,Stage A,262,38.2,765.8,3.767,3.715,3.625,5.149,91.6,86.53,216.65,19.16,41.64,8.38,2216.2,True
W2_0263,263,Chamber 2,Stage A,263,38.3,773.2,3.775,3.691,3.731,5.117,91.23,86.6,221.22,19.01,41.15,8.39,2196.6,True
W2_0264,264,Chamber 2,Stage B,264,38.4,764.8,2.387,2.397,2.342,3.19,65.41,59.74,156.27,16.29,32.22,8.44,1021.4,True
W2_0265,265,Chamber 2,Stage A,265,38.5,770.6,3.775,3.745,3.654,5.004,92.17,86.16,220.04,18.91,41.15,8.63,2230.3,True
W2_0266,266,Chamber 2,Stage A,266,38.6,762.6,3.77,3.701,3.627,5.136,91.57,86.17,221.69,18.99,40.79,8.58,2212.9,True
W2_0267,267,Chamber 2,Stage A,267,38.7,757.7,3.807,3.755,3.706,5.082,92.43,85.97,219.74,19.11,41.02,8.27,2223.6,True
W2_0268,268,Chamber 2,Stage B,268,38.8,761.3,2.388,2.355,2.256,3.168,65.14,59.68,162.15,16.25,32.65,8.53,973.6,True
W2_0269,269,Chamber 2,Stage A,269,38.9,757.5,3.815,3.718,3.69,5.119,92.01,86.01,218.13,19.31,41.94,8.51,2220.9,True
W2_0270,270,Chamber 2,Stage A,270,39.0,755.7,3.822,3.742,3.638,5.146,92.19,85.6,220.34,19.26,41.62,8.18,2209.4,True
W2_0271,271,Chamber 2,Stage A,271,39.1,750.5,3.843,3.766,3.647,5.137,92.44,85.4,219.35,19.12,41.79,8.7,2224.1,True
W2_0272,272,Chamber 2,Stage B,272,39.2,752.7,2.41,2.328,2.273,3.137,65.49,59.84,160.31,16.11,31.62,8.5,973.4,True
W2_0273,273,Chamber 2,Stage A,273,39.3,747.4,3.776,3.776,3.679,5.17,91.95,86.61,219.56,19.24,41.62,8.5,2217.3,True
W2_0274,274,Chamber 2,Stage A,274,39.4,744.3,3.819,3.745,3.636,5.051,91.92,86.25,223.61,19.22,40.99,8.32,2212.1,True
W2_0275,275,Chamber 2,Stage A,275,39.5,749.7,3.817,3.712,3.611,5.085,92.69,86.15,220.22,19.19,41.42,8.46,2209.1,True
W2_0276,276,Chamber 2,Stage B,276,39.6,744.2,2.401,2.323,2.286,3.141,65.81,60.35,158.34,16.1,32.57,8.46,988.9,True
W2_0277,277,Chamber 2,Stage A,277,39.7,742.3,3.825,3.721,3.595,5.117,91.61,86.03,222.87,18.96,40.66,8.24,2200.4,True
W2_0278,278,Chamber 2,Stage A,278,39.8,742.3,3.812,3.705,3.655,5.169,91.71,86.31,220.1,19.08,41.23,8.66,2196.5,True
W2_0279,279,Chamber 2,Stage A,279,39.9,740.7,3.816,3.687,3.691,5.037,91.73,85.96,220.82,18.69,40.37,8.74,2196.7,True
W2_0280,280,Chamber 2,Stage B,280,40.0,739.1,2.448,2.356,2.335,3.269,64.83,59.44,160.55,16.46,32.37,8.28,980.4,True
W2_0281,281,Chamber 2,Stage A,281,40.1,737.1,3.806,3.723,3.635,5.15,91.63,85.52,222.49,19.06,41.6,8.61,2201.4,True
W2_0282,282,Chamber 2,Stage A,282,40.2,729.3,3.769,3.779,3.678,5.124,92.29,85.84,221.66,18.99,41.19,8.14,2206.7,True
W2_0283,283,Chamber 2,Stage A,283,40.3,733.8,3.855,3.76,3.642,5.11,92.41,86.79,221.91,18.95,40.81,8.83,2227.0,True
W2_0284,284,Chamber 2,Stage B,284,40.4,729.1,2.395,2.376,2.341,3.164,64.76,60.33,159.06,16.3,32.0,8.38,991.7,True
W2_0285,285,Chamber 2,Stage A,285,40.5,728.0,3.823,3.707,3.69,5.124,92.27,86.3,218.74,19.23,41.42,8.19,2198.6,True
W2_0286,286,Chamber 2,Stage A,286,40.6,730.2,3.86,3.68,3.67,5.101,91.87,85.87,218.39,19.27,41.81,8.59,2173.5,True
W2_0287,287,Chamber 2,Stage A,287,40.7,732.3,3.865,3.713,3.637,5.102,91.8,84.9,220.81,18.79,40.74,8.37,2170.2,True
W2_0288,288,Chamber 2,Stage B,288,40.8,729.3,2.358,2.306,2.312,3.297,64.37,60.16,161.16,16.23,32.43,8.19,980.2,True
W2_0289,289,Chamber 2,Stage A,289,40.9,711.9,3.803,3.71,3.619,5.128,92.23,85.87,215.6,19.18,41.03,8.69,2194.8,True
W2_0290,290,Chamber 2,Stage A,290,41.0,718.9,3.813,3.681,3.663,5.136,92.25,85.8,216.25,19.01,41.55,8.43,2190.2,True
W2_0291,291,Chamber 2,Stage A,291,41.1,718.7,3.811,3.709,3.653,5.175,91.51,85.73,220.37,19.17,41.36,8.86,2165.2,True
W2_0292,292,Chamber 2,Stage B,292,41.2,717.0,2.379,2.35,2.262,3.236,65.6,59.76,159.52,16.27,32.24,8.24,963.5,True
W2_0293,293,Chamber 2,Stage A,293,41.3,721.8,3.815,3.723,3.657,5.141,92.45,86.27,220.39,19.22,41.74,8.73,2158.0,True
W2_0294,294,Chamber 2,Stage A,294,41.4,716.5,3.804,3.722,3.656,5.113,92.09,85.76,222.55,19.07,40.69,8.48,2173.9,True
W2_0295,295,Chamber 2,Stage A,295,41.5,710.1,3.769,3.676,3.667,5.204,91.59,86.64,220.57,19.11,40.47,8.5,2147.5,True
W2_0296,296,Chamber 2,Stage B,296,41.6,714.1,2.43,2.296,2.258,3.239,65.12,60.19,159.4,16.15,31.98,8.88,963.9,True
W2_0297,297,Chamber 2,Stage A,297,41.7,705.8,3.836,3.679,3.641,5.152,92.23,86.0,221.08,19.12,41.93,8.38,2149.5,True
W2_0298,298,Chamber 2,Stage A,298,41.8,708.4,3.82,3.685,3.638,5.153,91.97,86.1,217.87,19.02,40.73,8.59,2159.9,True
W2_0299,299,Chamber 2,Stage A,299,41.9,708.3,3.777,3.715,3.648,5.061,91.81,86.16,217.45,19.34,41.1,8.67,2152.5,True
W2_0300,300,Chamber 2,Stage B,300,42.0,709.6,2.385,2.38,2.316,3.199,64.53,59.42,160.38,16.16,32.16,8.59,951.7,True
W2_0301,301,Chamber 2,Stage A,301,42.1,704.1,3.785,3.728,3.616,5.147,91.82,86.42,221.55,18.9,40.81,8.43,2139.9,True
W2_0302,302,Chamber 2,Stage A,302,42.2,708.0,3.81,3.728,3.639,5.177,92.03,86.28,216.45,19.09,40.76,7.91,2155.6,True
W2_0303,303,Chamber 2,Stage A,303,42.3,693.8,3.812,3.729,3.673,5.148,91.82,86.43,217.78,18.94,40.64,8.55,2189.8,True
W2_0304,304,Chamber 2,Stage B,304,42.4,700.4,2.382,2.377,2.314,3.249,64.62,59.76,162.49,16.14,32.12,8.49,975.3,True
W2_0305,305,Chamber 2,Stage A,305,42.5,696.2,3.869,3.694,3.673,5.064,92.06,86.39,215.86,19.08,40.76,8.47,2184.3,True
W2_0306,306,Chamber 2,Stage A,306,42.6,692.7,3.806,3.727,3.648,5.076,92.44,86.12,220.79,18.88,40.89,8.38,2132.8,True
W2_0307,307,Chamber 2,Stage A,307,42.7,689.0,3.816,3.704,3.617,5.089,91.82,85.86,224.33,19.05,41.66,8.66,2120.0,True
W2_0308,308,Chamber 2,Stage B,308,42.8,689.2,2.44,2.336,2.266,3.218,64.9,60.11,160.5,16.26,32.01,8.38,968.8,True
W2_0309,309,Chamber 2,Stage A,309,42.9,691.4,3.783,3.742,3.622,5.111,92.22,86.82,221.21,19.15,40.94,8.57,2151.1,True
W2_0310,310,Chamber 2,Stage A,310,43.0,695.4,3.803,3.735,3.639,5.133,91.51,85.87,222.78,18.9,41.53,8.55,2120.0,True
W2_0311,311,Chamber 2,Stage A,311,43.1,685.4,3.801,3.717,3.612,5.152,92.22,85.56,219.72,19.18,40.69,8.45,2144.0,True
W2_0312,312,Chamber 2,Stage B,312,43.2,680.2,2.394,2.348,2.281,3.218,64.89,60.65,161.89,16.25,31.82,8.64,971.2,True
W2_0313,313,Chamber 2,Stage A,313,43.3,682.8,3.819,3.794,3.68,5.201,92.09,86.39,218.56,19.33,41.53,8.62,2157.1,True
W2_0314,314,Chamber 2,Stage A,314,43.4,678.5,3.803,3.693,3.655,5.044,92.42,86.02,218.96,19.08,41.13,8.37,2125.9,True
W2_0315,315,Chamber 2,Stage A,315,43.5,679.5,3.82,3.702,3.65,5.136,92.12,86.34,217.47,19.2,41.37,8.21,2166.0,True
W2_0316,316,Chamber 2,Stage B,316,43.6,674.5,2.347,2.282,2.286,3.23,65.52,60.35,160.45,16.23,31.92,8.37,947.5,True
W2_0317,317,Chamber 2,Stage A,317,43.7,673.3,3.82,3.737,3.616,5.091,92.28,85.91,223.18,19.0,40.82,8.58,2121.8,True
W2_0318,318,Chamber 2,Stage A,318,43.8,676.3,3.821,3.749,3.666,5.206,91.78,86.67,218.2,18.84,40.34,8.35,2152.5,True
W2_0319,319,Chamber 2,Stage A,319,43.9,665.7,3.764,3.712,3.637,5.041,91.61,85.69,222.87,19.19,40.6,8.53,2127.1,True
W2_0320,320,Chamber 2,Stage B,320,44.0,675.3,2.379,2.367,2.323,3.206,64.88,59.76,160.22,16.12,32.25,8.68,937.3,True
W2_0321,321,Chamber 2,Stage A,321,44.1,675.8,3.828,3.75,3.609,5.107,92.33,86.02,217.85,19.13,41.29,8.57,2138.4,True
W2_0322,322,Chamber 2,Stage A,322,44.2,666.7,3.802,3.747,3.692,5.142,91.9,85.32,219.83,19.1,41.47,8.62,2095.6,True
W2_0323,323,Chamber 2,Stage A,323,44.3,668.9,3.791,3.715,3.667,5.229,92.05,85.91,219.48,18.99,40.69,8.52,2121.8,True
W2_0324,324,Chamber 2,Stage B,324,44.4,666.4,2.413,2.299,2.323,3.206,64.56,59.56,160.87,15.98,31.88,8.47,940.6,True
W2_0325,325,Chamber 2,Stage A,325,44.5,667.4,3.827,3.777,3.607,5.127,91.89,86.17,220.43,19.1,40.5,8.45,2130.3,True
W2_0326,326,Chamber 2,Stage A,326,44.6,656.6,3.791,3.704,3.616,5.148,91.58,86.74,217.38,19.2,41.6,8.54,2091.0,True
W2_0327,327,Chamber 2,Stage A,327,44.7,666.1,3.823,3.769,3.635,5.073,91.02,85.61,219.77,19.05,41.21,8.74,2097.3,True
W2_0328,328,Chamber 2,Stage B,328,44.8,659.2,2.406,2.289,2.284,3.197,64.78,60.23,159.79,16.46,31.98,8.49,924.2,True
W2_0329,329,Chamber 2,Stage A,329,44.9,659.0,3.792,3.728,3.661,5.152,91.7,85.55,225.01,19.06,40.62,8.43,2100.3,True
W2_0330,330,Chamber 2,Stage A,330,45.0,650.3,3.718,3.729,3.614,5.146,91.59,85.66,219.45,18.72,40.16,8.34,2092.3,True
W2_0331,331,Chamber 2,Stage A,331,45.1,652.0,3.795,3.747,3.63,5.089,92.09,86.45,217.66,18.85,40.22,8.48,2097.2,True
W2_0332,332,Chamber 2,Stage B,332,45.2,654.2,2.358,2.354,2.336,3.185,64.75,60.2,162.42,16.2,32.1,8.28,903.0,True
W2_0333,333,Chamber 2,Stage A,333,45.3,656.6,3.846,3.727,3.617,5.104,92.71,86.36,221.28,18.98,40.72,8.55,2125.7,True
W2_0334,334,Chamber 2,Stage A,334,45.4,647.8,3.834,3.681,3.655,5.167,92.25,85.75,225.83,19.11,40.57,8.31,2087.6,True
W2_0335,335,Chamber 2,Stage A,335,45.5,647.2,3.832,3.723,3.638,5.158,92.11,86.41,222.58,19.12,41.13,8.55,2109.0,True
W2_0336,336,Chamber 2,Stage B,336,45.6,634.6,2.436,2.397,2.259,3.241,64.72,59.88,160.81,16.13,31.46,8.6,953.2,True
W2_0337,337,Chamber 2,Stage A,337,45.7,647.8,3.836,3.74,3.687,5.12,91.18,86.17,222.55,18.91,40.73,8.64,2090.9,True
W2_0338,338,Chamber 2,Stage A,338,45.8,644.4,3.764,3.697,3.615,5.055,92.06,86.46,219.63,19.01,41.58,8.27,2073.5,True
W2_0339,339,Chamber 2,Stage A,339,45.9,643.4,3.849,3.708,3.608,5.162,92.32,86.0,218.88,19.08,40.84,8.65,2072.6,True
W2_0340,340,Chamber 2,Stage B,340,46.0,641.0,2.392,2.339,2.303,3.242,65.36,60.24,159.69,16.23,31.98,8.61,934.1,True
W2_0341,341,Chamber 2,Stage A,341,46.1,641.5,3.789,3.712,3.707,5.177,91.7,86.23,220.24,19.07,41.3,8.56,2091.7,True
W2_0342,342,Chamber 2,Stage A,342,46.2,634.6,3.807,3.728,3.657,5.125,92.0,85.77,218.5,18.83,40.1,8.35,2087.1,True
W2_0343,343,Chamber 2,Stage A,343,46.3,633.4,3.729,3.771,3.681,5.152,92.76,85.61,223.78,19.05,40.59,8.36,2096.1,True
W2_0344,344,Chamber 2,Stage B,344,46.4,634.8,2.421,2.355,2.288,3.212,65.32,59.74,161.83,16.35,32.12,8.68,937.5,True
W2_0345,345,Chamber 2,Stage A,345,46.5,631.6,3.831,3.716,3.653,5.064,92.06,86.2,221.03,19.12,40.46,8.66,2085.4,True
W2_0346,346,Chamber 2,Stage A,346,46.6,634.7,3.798,3.699,3.697,5.104,91.55,85.82,216.0,18.81,40.64,8.4,2087.0,True
W2_0347,347,Chamber 2,Stage A,347,46.7,627.8,3.823,3.718,3.652,5.054,91.95,85.66,221.39,19.01,40.39,8.89,2077.3,True
W2_0348,348,Chamber 2,Stage B,348,46.8,623.5,2.378,2.359,2.267,3.193,65.26,59.59,161.08,16.26,32.0,8.29,926.1,True
W2_0349,349,Chamber 2,Stage A,349,46.9,619.2,3.804,3.741,3.677,5.17,91.93,85.94,224.7,18.87,40.57,8.64,2078.7,True
W2_0350,350,Chamber 2,Stage A,350,47.0,615.0,3.788,3.778,3.665,5.005,92.49,86.44,219.28,19.1,40.52,8.61,2087.5,True
W2_0351,351,Chamber 2,Stage A,351,47.1,616.6,3.798,3.722,3.684,5.131,91.83,86.42,220.24,19.14,41.33,8.39,2079.9,True
W2_0352,352,Chamber 2,Stage B,352,47.2,621.2,2.384,2.352,2.298,3.304,65.09,60.34,160.02,16.23,32.07,8.66,911.1,True
W2_0353,353,Chamber 2,Stage A,353,47.3,624.0,3.799,3.709,3.681,5.067,91.83,86.41,220.63,18.88,40.97,8.49,2065.5,True
W2_0354,354,Chamber 2,Stage A,354,47.4,612.7,3.78,3.714,3.632,5.126,91.77,86.19,220.39,18.82,40.24,8.62,2060.9,True
W2_0355,355,Chamber 2,Stage A,355,47.5,613.2,3.827,3.76,3.618,5.105,91.79,87.05,219.14,18.81,40.15,8.75,2063.2,True
W2_0356,356,Chamber 2,Stage B,356,47.6,617.2,2.379,2.327,2.339,3.301,65.38,60.21,160.19,16.05,31.98,8.43,909.9,True
W2_0357,357,Chamber 2,Stage A,357,47.7,606.9,3.857,3.736,3.681,5.118,91.46,86.24,221.14,18.89,41.08,8.51,2061.1,True
W2_0358,358,Chamber 2,Stage A,358,47.8,609.6,3.803,3.691,3.627,5.095,91.9,85.41,220.17,19.08,41.14,8.69,2050.9,True
W2_0359,359,Chamber 2,Stage A,359,47.9,603.1,3.801,3.747,3.636,5.036,92.2,85.55,218.08,18.98,40.29,8.5,2067.4,True
W2_0360,360,Chamber 2,Stage B,360,48.0,606.1,2.438,2.305,2.368,3.219,65.06,59.24,159.88,16.11,31.82,8.53,937.7,True
W2_0361,361,Chamber 2,Stage A,361,48.1,604.6,3.846,3.708,3.635,5.171,91.35,85.51,222.19,18.61,40.59,8.32,2043.6,True
W2_0362,362,Chamber 2,Stage A,362,48.2,596.6,3.716,3.716,3.661,5.148,92.36,85.85,221.43,18.64,39.76,8.4,2051.7,True
W2_0363,363,Chamber 2,Stage A,363,48.3,599.1,3.808,3.716,3.645,5.198,91.82,86.24,220.08,19.35,41.11,8.48,2056.7,True
W2_0364,364,Chamber 2,Stage B,364,48.4,610.6,2.449,2.297,2.288,3.18,65.16,59.55,160.87,16.14,31.98,8.47,894.6,True
W2_0365,365,Chamber 2,Stage A,365,48.5,599.1,3.785,3.657,3.623,5.067,92.33,86.13,220.8,18.89,40.4,8.44,2041.5,True
W2_0366,366,Chamber 2,Stage A,366,48.6,595.7,3.815,3.739,3.675,5.144,92.14,86.48,218.67,18.69,40.48,8.37,2064.6,True
W2_0367,367,Chamber 2,Stage A,367,48.7,592.8,3.834,3.704,3.642,5.186,92.55,85.73,220.36,19.14,40.8,8.54,2015.9,True
W2_0368,368,Chamber 2,Stage B,368,48.8,586.7,2.413,2.366,2.345,3.3,64.89,60.52,158.57,16.33,32.71,8.64,918.4,True
W2_0369,369,Chamber 2,Stage A,369,48.9,599.0,3.809,3.691,3.624,5.07,91.82,85.99,220.55,18.97,40.93,8.41,2028.2,True
W2_0370,370,Chamber 2,Stage A,370,49.0,584.8,3.81,3.713,3.602,5.119,92.09,85.84,216.67,19.01,41.57,8.37,2034.6,True
W2_0371,371,Chamber 2,Stage A,371,49.1,584.4,3.842,3.731,3.676,5.044,92.27,86.0,221.7,19.08,40.67,8.64,2048.2,True
W2_0372,372,Chamber 2,Stage B,372,49.2,582.8,2.372,2.308,2.289,3.295,65.07,59.79,161.61,16.25,31.83,8.38,873.6,True
W2_0373,373,Chamber 2,Stage A,373,49.3,586.6,3.751,3.716,3.684,5.105,91.8,86.35,222.14,19.16,40.58,8.49,2058.3,True
W2_0374,374,Chamber 2,Stage A,374,49.4,591.4,3.737,3.707,3.666,5.109,92.51,86.24,218.59,18.79,40.29,8.5,2040.9,True
W2_0375,375,Chamber 2,Stage A,375,49.5,583.8,3.757,3.666,3.641,5.054,92.02,86.3,222.99,18.89,39.88,8.53,2009.8,True
W2_0376,376,Chamber 2,Stage B,376,49.6,575.6,2.379,2.339,2.26,3.125,64.56,59.37,160.67,15.8,31.44,8.42,910.9,True
W2_0377,377,Chamber 2,Stage A,377,49.7,579.3,3.788,3.68,3.677,5.137,91.67,85.84,223.36,18.71,40.23,8.49,2008.3,True
W2_0378,378,Chamber 2,Stage A,378,49.8,582.7,3.833,3.657,3.614,5.101,92.0,85.94,219.76,18.85,40.52,8.56,2001.1,True
W2_0379,379,Chamber 2,Stage A,379,49.9,568.4,3.847,3.752,3.557,5.209,92.32,86.8,222.47,19.26,41.44,8.74,2030.3,True
W2_0380,380,Chamber 2,Stage B,380,50.0,571.2,2.391,2.364,2.306,3.178,64.35,59.7,161.62,16.21,32.35,8.74,870.3,True
W2_0381,381,Chamber 2,Stage A,381,50.1,572.5,3.792,3.709,3.65,5.152,92.34,85.89,216.19,18.88,41.01,8.43,2019.3,True
W2_0382,382,Chamber 2,Stage A,382,50.2,568.3,3.801,3.752,3.628,5.101,92.0,85.74,221.02,18.98,40.67,8.39,2003.4,True
W2_0383,383,Chamber 2,Stage A,383,50.3,565.8,3.803,3.73,3.648,5.215,91.6,85.97,216.85,18.77,40.12,8.56,2009.5,True
W2_0384,384,Chamber 2,Stage B,384,50.4,561.9,2.382,2.395,2.313,3.212,64.9,60.66,159.53,16.11,31.72,8.4,887.4,True
W2_0385,385,Chamber 2,Stage A,385,50.5,561.5,3.775,3.742,3.637,5.12,92.51,86.52,219.44,18.83,40.58,8.41,2007.7,True
W2_0386,386,Chamber 2,Stage A,386,50.6,559.9,3.777,3.734,3.609,5.18,91.79,85.94,217.33,19.01,40.38,8.5,1993.4,True
W2_0387,387,Chamber 2,Stage A,387,50.7,558.0,3.779,3.742,3.687,5.144,92.28,86.24,222.84,18.9,41.23,8.21,2001.3,True
W2_0388,388,Chamber 2,Stage B,388,50.8,561.9,2.378,2.338,2.311,3.283,65.43,59.66,158.31,16.26,32.03,8.7,892.2,True
W2_0389,389,Chamber 2,Stage A,389,50.9,554.8,3.79,3.732,3.603,5.096,91.73,85.85,218.15,18.72,40.13,8.42,1959.0,True
W2_0390,390,Chamber 2,Stage A,390,51.0,555.4,3.81,3.708,3.627,5.126,92.14,85.43,221.1,18.85,40.5,8.38,1971.8,True
W2_0391,391,Chamber 2,Stage A,391,51.1,550.2,3.849,3.683,3.699,5.117,92.01,85.57,218.46,18.78,40.2,8.42,2027.5,True
W2_0392,392,Chamber 2,Stage B,392,51.2,558.0,2.403,2.359,2.272,3.274,64.84,59.0,161.32,16.07,31.87,8.33,895.8,True
W2_0393,393,Chamber 2,Stage A,393,51.3,552.9,3.781,3.748,3.625,5.242,91.72,86.41,221.69,18.62,40.28,8.55,1992.0,True
W2_0394,394,Chamber 2,Stage A,394,51.4,549.2,3.804,3.635,3.61,5.093,92.12,86.12,219.66,18.8,40.24,8.6,1975.1,True
W2_0395,395,Chamber 2,Stage A,395,51.5,552.0,3.855,3.739,3.619,5.142,92.3,85.76,222.18,18.63,39.89,8.56,2003.0,True
W2_0396,396,Chamber 2,Stage B,396,51.6,551.3,2.406,2.402,2.299,3.271,65.32,59.96,161.56,16.2,31.51,8.41,902.1,True
W2_0397,397,Chamber 2,Stage A,397,51.7,545.8,3.824,3.715,3.613,5.152,92.44,86.3,222.17,18.87,40.2,8.47,1986.7,True
W2_0398,398,Chamber 2,Stage A,398,51.8,547.0,3.796,3.72,3.625,5.177,92.03,85.93,218.51,18.88,41.13,8.3,1986.7,True
W2_0399,399,Chamber 2,Stage A,399,51.9,541.2,3.804,3.772,3.655,5.059,92.15,86.1,218.79,18.67,40.35,8.59,1976.9,True
W2_0400,400,Chamber 2,Stage B,400,52.0,548.7,2.413,2.357,2.282,3.215,64.55,59.91,162.15,16.15,32.43,8.5,878.8,True
W2_0401,401,Chamber 2,Stage A,401,52.1,531.2,3.843,3.674,3.66,5.13,92.33,85.7,218.32,18.73,40.59,8.4,1967.2,True
W2_0402,402,Chamber 2,Stage A,402,52.2,537.5,3.83,3.762,3.638,5.115,92.18,86.59,220.82,18.77,39.76,8.4,1981.9,True
W2_0403,403,Chamber 2,Stage A,403,52.3,523.3,3.783,3.692,3.613,5.208,92.36,86.69,221.08,19.06,40.95,8.44,1968.0,True
W2_0404,404,Chamber 2,Stage B,404,52.4,529.4,2.448,2.367,2.314,3.237,65.07,59.76,161.23,16.18,32.14,8.3,895.7,True
W2_0405,405,Chamber 2,Stage A,405,52.5,531.3,3.771,3.731,3.668,5.036,92.21,85.78,219.61,18.81,40.5,8.3,1961.8,True
W2_0406,406,Chamber 2,Stage A,406,52.6,525.8,3.815,3.737,3.646,5.185,92.39,86.17,220.11,19.05,41.02,8.6,1961.4,True
W2_0407,407,Chamber 2,Stage A,407,52.7,523.8,3.779,3.753,3.601,5.15,92.15,86.47,220.36,18.73,39.8,8.3,1960.7,True
W2_0408,408,Chamber 2,Stage B,408,52.8,516.9,2.444,2.312,2.344,3.299,65.36,59.72,160.68,16.19,32.05,8.31,866.7,True
W2_0409,409,Chamber 2,Stage A,409,52.9,520.1,3.769,3.757,3.636,5.122,92.26,86.72,222.65,18.92,40.58,8.35,1972.2,True
W2_0410,410,Chamber 2,Stage A,410,53.0,524.2,3.829,3.721,3.645,5.175,92.13,85.53,219.35,19.04,40.75,8.6,1953.3,True
W2_0411,411,Chamber 2,Stage A,411,53.1,520.7,3.699,3.711,3.671,5.11,91.81,85.58,222.01,18.91,40.07,8.58,1930.2,True
W2_0412,412,Chamber 2,Stage B,412,53.2,520.0,2.382,2.342,2.329,3.144,65.71,60.19,159.92,16.1,31.48,8.64,901.6,True
W2_0413,413,Chamber 2,Stage A,413,53.3,521.1,3.814,3.706,3.663,5.214,92.4,85.97,221.35,19.07,41.03,8.59,1957.0,True
W2_0414,414,Chamber 2,Stage A,414,53.4,514.5,3.789,3.696,3.64,5.126,91.34,86.34,214.47,19.02,40.82,8.91,1942.4,True
W2_0415,415,Chamber 2,Stage A,415,53.5,520.4,3.806,3.72,3.645,5.139,91.47,86.02,220.33,18.81,40.68,8.52,1946.3,True
W2_0416,416,Chamber 2,Stage B,416,53.6,513.6,2.398,2.358,2.301,3.302,64.9,60.51,159.79,16.27,31.89,8.37,833.7,True
W2_0417,417,Chamber 2,Stage A,417,53.7,519.4,3.786,3.692,3.631,5.101,91.98,85.45,220.63,18.98,40.66,8.7,1947.2,True
W2_0418,418,Chamber 2,Stage A,418,53.8,508.9,3.785,3.702,3.672,5.165,92.31,86.76,220.02,18.76,40.81,8.56,1947.5,True
W2_0419,419,Chamber 2,Stage A,419,53.9,505.4,3.781,3.702,3.632,5.062,91.69,86.78,221.47,18.82,41.36,8.64,1918.0,True
W2_0420,420,Chamber 2,Stage B,420,54.0,502.5,2.386,2.343,2.291,3.251,65.01,59.71,155.65,16.01,31.64,8.35,854.3,True
W2_0421,421,Chamber 2,Stage A,421,54.1,505.9,3.796,3.692,3.623,5.065,91.94,85.65,221.81,18.86,40.04,8.56,1933.1,True
W2_0422,422,Chamber 2,Stage A,422,54.2,499.8,3.848,3.738,3.675,5.137,92.27,85.68,219.08,19.06,40.82,8.55,1928.8,True
W2_0423,423,Chamber 2,Stage A,423,54.3,507.6,3.807,3.702,3.749,5.156,91.97,85.79,219.04,18.88,40.42,8.5,1965.5,True
W2_0424,424,Chamber 2,Stage B,424,54.4,498.0,2.408,2.312,2.32,3.318,65.55,60.29,162.84,16.23,31.76,8.51,889.3,True
W2_0425,425,Chamber 2,Stage A,425,54.5,494.3,3.774,3.727,3.641,5.162,91.82,86.69,217.42,18.8,39.6,8.69,1924.8,True
W2_0426,426,Chamber 2,Stage A,426,54.6,500.1,3.75,3.724,3.677,5.159,92.02,86.19,219.95,18.69,39.83,8.29,1938.6,True
W2_0427,427,Chamber 2,Stage A,427,54.7,494.8,3.818,3.716,3.607,5.151,92.21,85.04,218.33,18.84,40.09,8.4,1909.3,True
W2_0428,428,Chamber 2,Stage B,428,54.8,494.8,2.379,2.333,2.272,3.259,65.23,59.69,163.04,16.0,31.8,8.45,859.2,True
W2_0429,429,Chamber 2,Stage A,429,54.9,478.9,3.801,3.705,3.647,5.104,91.88,86.34,220.37,18.71,40.19,8.59,1915.0,True
W2_0430,430,Chamber 2,Stage A,430,55.0,490.6,3.782,3.722,3.665,5.117,92.14,85.13,219.89,18.83,39.83,8.25,1917.3,True
W2_0431,431,Chamber 2,Stage A,431,55.1,481.6,3.799,3.703,3.632,5.151,91.45,86.24,219.22,18.88,40.13,8.62,1894.7,True
W2_0432,432,Chamber 2,Stage B,432,55.2,486.6,2.369,2.425,2.322,3.336,65.33,59.7,159.24,16.04,31.78,8.59,915.0,True
W2_0433,433,Chamber 2,Stage A,433,55.3,480.4,3.79,3.727,3.641,5.136,92.51,85.95,217.67,18.92,40.65,8.48,1918.2,True
W2_0434,434,Chamber 2,Stage A,434,55.4,484.6,3.763,3.724,3.658,5.111,91.81,85.76,219.95,18.83,39.71,8.14,1890.7,True
W2_0435,435,Chamber 2,Stage A,435,55.5,489.7,3.807,3.763,3.686,5.127,91.81,85.73,219.52,18.99,40.75,8.43,1938.4,True
W2_0436,436,Chamber 2,Stage B,436,55.6,483.7,2.404,2.385,2.293,3.299,65.42,60.4,160.19,16.26,31.65,8.4,858.8,True
W2_0437,437,Chamber 2,Stage A,437,55.7,474.1,3.825,3.715,3.687,4.985,91.51,85.63,218.36,18.94,40.56,8.55,1892.2,True
W2_0438,438,Chamber 2,Stage A,438,55.8,481.0,3.812,3.705,3.601,5.179,92.56,86.62,220.37,19.12,40.65,8.59,1911.9,True
W2_0439,439,Chamber 2,Stage A,439,55.9,477.3,3.806,3.763,3.655,5.056,92.58,85.62,222.51,19.04,41.18,8.49,1921.9,True
W2_0440,440,Chamber 2,Stage B,440,56.0,471.3,2.34,2.356,2.271,3.249,64.54,59.53,163.21,16.08,31.72,8.66,843.8,True
W2_0441,441,Chamber 2,Stage A,441,56.1,470.6,3.83,3.716,3.635,5.131,91.76,86.13,218.93,18.96,40.54,8.57,1905.7,True
W2_0442,442,Chamber 2,Stage A,442,56.2,474.2,3.814,3.741,3.68,5.1,91.62,85.88,218.06,18.85,40.65,8.58,1901.7,True
W2_0443,443,Chamber 2,Stage A,443,56.3,463.9,3.751,3.8,3.63,5.124,91.26,86.19,217.79,18.68,39.76,8.52,1892.8,True
W2_0444,444,Chamber 2,Stage B,444,56.4,472.7,2.378,2.372,2.382,3.264,64.63,59.85,160.06,16.29,32.04,8.45,848.7,True
W2_0445,445,Chamber 2,Stage A,445,56.5,469.7,3.795,3.695,3.713,5.039,91.7,85.75,225.02,19.24,40.72,8.77,1896.8,True
W2_0446,446,Chamber 2,Stage A,446,56.6,463.8,3.805,3.723,3.64,5.12,92.24,86.15,219.94,18.58,39.43,8.73,1909.1,True
W2_0447,447,Chamber 2,Stage A,447,56.7,458.9,3.806,3.754,3.693,5.115,92.11,86.67,215.75,19.1,41.32,8.4,1901.0,True
W2_0448,448,Chamber 2,Stage B,448,56.8,469.2,2.382,2.398,2.285,3.245,64.7,60.34,158.92,16.06,31.04,8.49,825.5,True
W2_0449,449,Chamber 2,Stage A,449,56.9,463.6,3.738,3.7,3.649,5.112,91.56,85.62,218.02,19.1,40.8,8.46,1867.8,True
W2_0450,450,Chamber 2,Stage A,450,57.0,451.7,3.716,3.715,3.687,5.101,92.7,86.59,219.06,18.6,39.76,8.42,1891.5,True
W3_0001,1,Chamber 3,Stage A,1,20.1,1202.9,3.818,3.743,3.598,5.207,92.21,86.3,218.48,19.91,43.05,8.59,2540.6,True
W3_0002,2,Chamber 3,Stage A,2,20.2,1193.9,3.809,3.742,3.598,5.149,91.71,85.66,223.49,19.3,42.09,8.47,2543.2,True
W3_0003,3,Chamber 3,Stage A,3,20.3,1190.1,3.816,3.765,3.633,5.157,91.59,86.98,221.87,19.49,42.45,8.47,2580.7,True
W3_0004,4,Chamber 3,Stage B,4,20.4,1199.3,2.404,2.351,2.3,3.235,64.95,60.35,161.22,16.16,32.45,8.56,1153.1,True
W3_0005,5,Chamber 3,Stage A,5,20.5,1191.5,3.772,3.716,3.63,5.192,92.04,86.69,220.83,19.4,42.88,8.54,2532.9,True
W3_0006,6,Chamber 3,Stage A,6,20.6,1189.8,3.822,3.718,3.617,5.13,91.57,85.23,221.45,19.51,43.04,8.59,2492.0,True
W3_0007,7,Chamber 3,Stage A,7,20.7,1182.2,3.79,3.699,3.646,5.099,91.27,85.82,217.73,19.6,42.57,8.53,2520.6,True
W3_0008,8,Chamber 3,Stage B,8,20.8,1185.0,2.445,2.399,2.305,3.306,64.78,59.25,158.48,16.41,32.62,8.76,1137.7,True
W3_0009,9,Chamber 3,Stage A,9,20.9,1188.7,3.802,3.707,3.605,5.141,92.43,86.35,218.38,19.59,42.96,8.31,2539.3,True
W3_0010,10,Chamber 3,Stage A,10,21.0,1184.0,3.813,3.728,3.668,5.103,91.43,86.29,222.48,19.66,43.42,8.33,2522.3,True
W3_0011,11,Chamber 3,Stage A,11,21.1,1184.9,3.783,3.705,3.661,5.05,91.42,86.01,219.96,19.8,43.19,8.55,2501.9,True
W3_0012,12,Chamber 3,Stage B,12,21.2,1170.9,2.384,2.354,2.301,3.292,64.48,59.09,159.57,16.48,33.09,8.57,1114.8,True
W3_0013,13,Chamber 3,Stage A,13,21.3,1179.9,3.793,3.755,3.636,5.131,92.17,85.59,221.25,19.53,42.19,8.75,2494.3,True
W3_0014,14,Chamber 3,Stage A,14,21.4,1175.6,3.814,3.774,3.642,5.15,91.66,85.86,216.95,19.47,42.61,8.47,2533.8,True
W3_0015,15,Chamber 3,Stage A,15,21.5,1173.7,3.79,3.726,3.649,5.168,91.95,85.86,219.64,19.41,43.03,8.39,2518.4,True
W3_0016,16,Chamber 3,Stage B,16,21.6,1166.4,2.393,2.342,2.312,3.154,65.41,60.25,157.51,16.68,32.6,8.16,1149.2,True
W3_0017,17,Chamber 3,Stage A,17,21.7,1174.8,3.779,3.722,3.656,5.064,91.95,85.71,217.79,19.67,43.04,8.54,2509.3,True
W3_0018,18,Chamber 3,Stage A,18,21.8,1173.9,3.809,3.728,3.63,5.105,92.03,86.98,220.6,19.7,42.21,8.41,2530.3,True
W3_0019,19,Chamber 3,Stage A,19,21.9,1171.0,3.789,3.732,3.672,5.101,91.74,86.66,221.97,19.86,43.04,8.62,2534.1,True
W3_0020,20,Chamber 3,Stage B,20,22.0,1171.3,2.356,2.327,2.268,3.304,63.98,59.84,154.01,16.41,32.94,8.38,1095.5,True
W3_0021,21,Chamber 3,Stage A,21,22.1,1161.5,3.801,3.725,3.612,5.08,91.67,86.02,220.16,19.58,41.78,8.73,2487.4,True
W3_0022,22,Chamber 3,Stage A,22,22.2,1166.6,3.776,3.704,3.607,5.14,91.44,86.14,224.47,19.42,41.5,8.3,2505.7,True
W3_0023,23,Chamber 3,Stage A,23,22.3,1161.6,3.802,3.751,3.724,5.216,91.79,85.42,219.19,19.61,42.43,8.36,2544.7,True
W3_0024,24,Chamber 3,Stage B,24,22.4,1163.6,2.372,2.387,2.248,3.224,64.98,60.01,160.36,16.4,32.61,8.59,1117.1,True
W3_0025,25,Chamber 3,Stage A,25,22.5,1162.6,3.781,3.749,3.649,5.104,92.25,85.71,221.28,19.52,42.48,8.53,2536.9,True
W3_0026,26,Chamber 3,Stage A,26,22.6,1147.8,3.815,3.69,3.721,5.06,92.38,86.17,217.65,19.5,43.02,8.48,2533.0,True
W3_0027,27,Chamber 3,Stage A,27,22.7,1159.8,3.852,3.692,3.658,5.125,91.96,86.32,223.34,19.73,42.92,8.54,2520.6,True
W3_0028,28,Chamber 3,Stage B,28,22.8,1154.7,2.433,2.384,2.284,3.232,65.1,59.45,163.19,16.34,32.66,8.5,1127.3,True
W3_0029,29,Chamber 3,Stage A,29,22.9,1152.1,3.82,3.729,3.658,5.113,92.2,86.59,221.41,19.5,42.29,8.62,2540.2,True
W3_0030,30,Chamber 3,Stage A,30,23.0,1142.4,3.813,3.774,3.67,5.193,92.04,85.68,219.88,19.79,43.39,8.38,2547.7,True
W3_0031,31,Chamber 3,Stage A,31,23.1,1148.3,3.818,3.685,3.648,5.114,92.26,86.09,222.69,19.44,42.79,8.41,2499.9,True
W3_0032,32,Chamber 3,Stage B,32,23.2,1150.1,2.433,2.366,2.269,3.233,65.81,60.04,159.35,16.56,32.81,8.57,1135.5,True
W3_0033,33,Chamber 3,Stage A,33,23.3,1150.2,3.805,3.738,3.625,5.089,92.38,85.97,220.57,19.62,42.65,8.45,2527.3,True
W3_0034,34,Chamber 3,Stage A,34,23.4,1139.5,3.784,3.783,3.657,5.078,92.15,85.85,220.87,19.65,42.31,8.49,2504.5,True
W3_0035,35,Chamber 3,Stage A,35,23.5,1145.1,3.811,3.772,3.637,5.165,92.43,86.33,219.38,19.43,41.76,8.34,2513.1,True
W3_0036,36,Chamber 3,Stage B,36,23.6,1140.3,2.371,2.355,2.325,3.207,65.07,59.83,161.41,16.51,33.21,8.54,1117.9,True
W3_0037,37,Chamber 3,Stage A,37,23.7,1139.0,3.798,3.726,3.724,5.149,91.19,85.78,216.14,19.14,41.51,8.45,2514.1,True
W3_0038,38,Chamber 3,Stage A,38,23.8,1140.5,3.809,3.721,3.606,5.156,92.77,86.16,219.15,19.53,42.31,8.29,2515.3,True
W3_0039,39,Chamber 3,Stage A,39,23.9,1139.0,3.821,3.739,3.628,5.139,91.66,86.01,220.66,19.51,42.12,8.75,2515.7,True
W3_0040,40,Chamber 3,Stage B,40,24.0,1134.5,2.418,2.391,2.271,3.171,65.0,59.14,162.46,16.41,32.53,8.68,1125.2,True
W3_0041,41,Chamber 3,Stage A,41,24.1,1128.9,3.817,3.719,3.676,5.152,91.76,86.53,217.28,19.67,42.65,8.49,2523.6,True
W3_0042,42,Chamber 3,Stage A,42,24.2,1142.5,3.798,3.719,3.631,5.245,91.69,86.4,219.21,19.6,42.63,8.34,2521.7,True
W3_0043,43,Chamber 3,Stage A,43,24.3,1124.0,3.808,3.704,3.662,5.117,92.37,85.48,224.74,19.39,41.61,8.63,2518.4,True
W3_0044,44,Chamber 3,Stage B,44,24.4,1128.1,2.421,2.294,2.301,3.296,64.78,59.4,160.29,16.37,32.47,8.41,1082.5,True
W3_0045,45,Chamber 3,Stage A,45,24.5,1125.2,3.795,3.688,3.654,5.181,91.91,86.11,220.55,19.78,42.95,8.32,2504.1,True
W3_0046,46,Chamber 3,Stage A,46,24.6,1121.6,3.818,3.731,3.605,5.113,91.75,85.82,217.39,19.78,43.2,8.67,2483.7,True
W3_0047,47,Chamber 3,Stage A,47,24.7,1129.0,3.777,3.743,3.655,5.126,92.52,86.16,218.32,19.65,43.03,8.4,2536.1,True
W3_0048,48,Chamber 3,Stage B,48,24.8,1119.1,2.413,2.327,2.265,3.221,65.3,60.73,160.83,16.51,32.87,8.68,1095.4,True
W3_0049,49,Chamber 3,Stage A,49,24.9,1117.9,3.828,3.732,3.612,5.008,91.85,85.97,218.23,19.31,42.76,8.52,2473.4,True
W3_0050,50,Chamber 3,Stage A,50,25.0,1112.1,3.817,3.739,3.662,5.111,91.87,85.71,221.54,19.59,42.79,8.36,2489.5,True
W3_0051,51,Chamber 3,Stage A,51,25.1,1117.9,3.781,3.714,3.577,5.12,92.37,86.23,219.01,19.55,42.14,8.51,2494.0,True
W3_0052,52,Chamber 3,Stage B,52,25.2,1114.4,2.385,2.374,2.253,3.227,65.23,60.3,161.34,16.33,32.83,8.54,1107.8,True
W3_0053,53,Chamber 3,Stage A,53,25.3,1110.4,3.805,3.669,3.662,5.169,91.97,86.95,218.63,19.42,42.24,8.45,2474.2,True
W3_0054,54,Chamber 3,Stage A,54,25.4,1113.7,3.797,3.761,3.714,5.197,91.69,85.72,219.68,19.45,42.01,8.77,2515.2,True
W3_0055,55,Chamber 3,Stage A,55,25.5,1115.3,3.794,3.745,3.58,5.135,92.34,85.67,218.33,19.66,42.63,8.22,2487.1,True
W3_0056,56,Chamber 3,Stage B,56,25.6,1107.9,2.395,2.336,2.309,3.304,64.93,59.62,156.92,16.4,32.7,8.32,1103.1,True
W3_0057,57,Chamber 3,Stage A,57,25.7,1107.1,3.793,3.716,3.688,5.207,91.36,86.13,218.45,19.53,42.39,8.46,2495.1,True
W3_0058,58,Chamber 3,Stage A,58,25.8,1102.2,3.781,3.705,3.605,5.087,92.78,85.68,217.61,19.58,42.17,8.55,2483.1,True
W3_0059,59,Chamber 3,Stage A,59,25.9,1101.5,3.787,3.709,3.674,5.115,91.28,85.98,216.93,19.37,41.88,8.83,2469.3,True
W3_0060,60,Chamber 3,Stage B,60,26.0,1093.9,2.413,2.398,2.327,3.314,64.58,60.13,160.31,16.48,32.91,8.55,1136.4,True
W3_0061,61,Chamber 3,Stage A,61,26.1,1095.0,3.793,3.72,3.62,5.183,91.58,85.95,220.59,19.51,42.5,8.7,2469.9,True
W3_0062,62,Chamber 3,Stage A,62,26.2,1102.4,3.757,3.727,3.632,5.176,92.3,85.93,217.68,19.24,41.68,8.58,2470.2,True
W3_0063,63,Chamber 3,Stage A,63,26.3,1099.6,3.8,3.711,3.602,5.158,91.69,86.05,219.29,19.46,42.13,8.63,2495.6,True
W3_0064,64,Chamber 3,Stage B,64,26.4,1092.2,2.397,2.352,2.288,3.193,64.78,59.69,161.31,16.48,33.06,8.34,1109.7,True
W3_0065,65,Chamber 3,Stage A,65,26.5,1090.1,3.808,3.757,3.627,5.053,92.28,86.13,217.76,19.36,41.86,8.39,2484.0,True
W3_0066,66,Chamber 3,Stage A,66,26.6,1091.1,3.777,3.717,3.653,5.114,92.46,86.2,216.82,19.39,42.42,8.58,2481.0,True
W3_0067,67,Chamber 3,Stage A,67,26.7,1085.2,3.766,3.68,3.645,5.118,91.83,85.97,217.79,19.31,42.24,8.43,2448.8,True
W3_0068,68,Chamber 3,Stage B,68,26.8,1094.3,2.408,2.362,2.254,3.278,64.56,60.62,159.9,16.32,32.57,8.31,1109.4,True
W3_0069,69,Chamber 3,Stage A,69,26.9,1086.2,3.779,3.726,3.691,5.144,91.36,86.2,217.67,19.51,42.88,8.71,2460.7,True
W3_0070,70,Chamber 3,Stage A,70,27.0,1085.7,3.823,3.748,3.661,5.193,91.95,85.85,219.31,19.6,42.58,8.63,2452.5,True
W3_0071,71,Chamber 3,Stage A,71,27.1,1080.0,3.807,3.774,3.602,5.208,92.03,86.2,223.35,19.47,42.53,8.58,2477.5,True
W3_0072,72,Chamber 3,Stage B,72,27.2,1086.7,2.399,2.282,2.317,3.234,64.87,60.09,157.13,16.3,32.54,8.79,1103.2,True
W3_0073,73,Chamber 3,Stage A,73,27.3,1072.4,3.831,3.75,3.664,5.112,91.42,85.92,219.53,19.62,42.91,8.66,2469.5,True
W3_0074,74,Chamber 3,Stage A,74,27.4,1077.7,3.842,3.765,3.607,5.205,92.15,86.06,223.23,19.61,42.72,8.7,2475.2,True
W3_0075,75,Chamber 3,Stage A,75,27.5,1069.9,3.773,3.714,3.637,5.098,92.05,85.87,221.0,19.38,42.18,8.26,2453.7,True
W3_0076,76,Chamber 3,Stage B,76,27.6,1074.0,2.411,2.371,2.319,3.292,65.08,60.19,160.31,16.52,32.2,8.6,1082.8,True
W3_0077,77,Chamber 3,Stage A,77,27.7,1072.2,3.835,3.721,3.636,5.136,91.86,86.01,218.63,19.47,42.73,8.67,2459.7,True
W3_0078,78,Chamber 3,Stage A,78,27.8,1074.8,3.815,3.694,3.625,5.156,92.38,85.75,217.33,19.61,42.39,8.99,2455.5,True
W3_0079,79,Chamber 3,Stage A,79,27.9,1072.9,3.805,3.727,3.645,5.058,92.78,85.62,217.28,19.42,41.93,8.47,2484.0,True
W3_0080,80,Chamber 3,Stage B,80,28.0,1071.8,2.391,2.353,2.316,3.152,65.23,59.42,164.08,16.34,32.37,8.44,1141.2,True
W3_0081,81,Chamber 3,Stage A,81,28.1,1061.6,3.754,3.769,3.684,5.116,92.12,85.99,223.95,19.33,42.22,8.38,2503.1,True
W3_0082,82,Chamber 3,Stage A,82,28.2,1067.2,3.807,3.672,3.636,5.151,91.67,86.23,219.46,19.57,42.42,8.67,2448.0,True
W3_0083,83,Chamber 3,Stage A,83,28.3,1051.9,3.8,3.73,3.641,5.136,92.52,86.26,221.4,19.33,42.33,8.61,2487.8,True
W3_0084,84,Chamber 3,Stage B,84,28.4,1068.4,2.397,2.386,2.263,3.26,64.73,59.85,161.89,16.4,31.99,8.53,1108.3,True
W3_0085,85,Chamber 3,Stage A,85,28.5,1055.9,3.85,3.714,3.723,5.131,91.61,85.75,215.49,19.63,42.58,8.74,2472.5,True
W3_0086,86,Chamber 3,Stage A,86,28.6,1060.3,3.747,3.718,3.638,5.111,92.09,86.57,219.39,19.44,42.58,8.53,2449.9,True
W3_0087,87,Chamber 3,Stage A,87,28.7,1060.2,3.766,3.762,3.691,5.094,92.08,86.26,218.91,19.53,41.92,8.57,2451.0,True
W3_0088,88,Chamber 3,Stage B,88,28.8,1054.1,2.38,2.347,2.345,3.265,64.57,59.59,158.8,16.3,32.4,8.56,1103.7,True
W3_0089,89,Chamber 3,Stage A,89,28.9,1056.0,3.865,3.725,3.702,5.071,91.37,85.55,222.38,19.25,41.85,8.76,2435.1,True
W3_0090,90,Chamber 3,Stage A,90,29.0,1047.0,3.807,3.724,3.606,5.212,91.8,86.21,217.09,19.46,42.33,8.47,2449.1,True
W3_0091,91,Chamber 3,Stage A,91,29.1,1045.7,3.806,3.727,3.655,5.134,91.49,85.47,215.57,19.52,42.64,8.62,2405.5,True
W3_0092,92,Chamber 3,Stage B,92,29.2,1052.2,2.405,2.356,2.297,3.258,65.0,60.05,158.72,16.31,32.16,8.65,1097.5,True
W3_0093,93,Chamber 3,Stage A,93,29.3,1049.1,3.799,3.718,3.611,5.169,91.74,85.96,222.96,19.2,40.96,8.58,2414.2,True
W3_0094,94,Chamber 3,Stage A,94,29.4,1046.5,3.801,3.729,3.627,5.217,93.14,85.89,220.71,19.31,41.9,8.51,2439.0,True
W3_0095,95,Chamber 3,Stage A,95,29.5,1047.8,3.784,3.647,3.661,5.128,92.54,86.15,217.04,19.41,41.66,8.17,2435.1,True
W3_0096,96,Chamber 3,Stage B,96,29.6,1037.7,2.36,2.381,2.326,3.139,65.53,60.04,160.78,16.56,32.5,8.37,1119.1,True
W3_0097,97,Chamber 3,Stage A,97,29.7,1044.3,3.86,3.731,3.668,5.054,92.85,85.51,222.05,19.5,42.33,8.35,2446.5,True
W3_0098,98,Chamber 3,Stage A,98,29.8,1039.2,3.831,3.696,3.696,5.057,91.75,86.19,218.29,19.54,42.24,8.54,2446.1,True
W3_0099,99,Chamber 3,Stage A,99,29.9,1033.3,3.834,3.748,3.672,5.073,92.21,85.65,217.44,19.43,42.16,8.49,2425.5,True
W3_0100,100,Chamber 3,Stage B,100,30.0,1030.1,2.356,2.338,2.318,3.228,64.76,60.52,155.39,16.31,32.46,8.69,1115.8,True
W3_0101,101,Chamber 3,Stage A,101,30.1,1028.3,3.8,3.74,3.6,5.084,91.94,85.65,218.37,19.56,42.16,8.45,2408.7,True
W3_0102,102,Chamber 3,Stage A,102,30.2,1035.9,3.858,3.704,3.609,5.043,92.43,85.86,219.49,19.76,42.45,8.48,2440.9,True
W3_0103,103,Chamber 3,Stage A,103,30.3,1032.9,3.824,3.723,3.63,5.147,92.2,85.77,220.33,19.82,43.11,8.69,2425.8,True
W3_0104,104,Chamber 3,Stage B,104,30.4,1034.7,2.44,2.325,2.289,3.327,64.61,59.46,163.06,16.36,32.58,8.68,1092.4,True
W3_0105,105,Chamber 3,Stage A,105,30.5,1027.0,3.807,3.789,3.621,5.129,91.85,85.57,219.69,19.51,42.95,8.56,2450.7,True
W3_0106,106,Chamber 3,Stage A,106,30.6,1032.5,3.85,3.796,3.664,5.08,91.78,86.11,220.91,19.45,42.46,8.6,2464.0,True
W3_0107,107,Chamber 3,Stage A,107,30.7,1021.6,3.831,3.74,3.679,5.111,91.8,85.7,219.75,19.47,42.45,8.44,2467.6,True
W3_0108,108,Chamber 3,Stage B,108,30.8,1016.1,2.405,2.366,2.27,3.302,65.25,60.62,158.64,16.26,32.7,8.51,1099.7,True
W3_0109,109,Chamber 3,Stage A,109,30.9,1027.1,3.811,3.66,3.592,5.171,91.78,85.6,222.54,19.69,42.11,8.55,2386.4,True
W3_0110,110,Chamber 3,Stage A,110,31.0,1022.3,3.798,3.674,3.662,5.146,91.58,85.63,219.95,19.03,41.39,8.55,2386.1,True
W3_0111,111,Chamber 3,Stage A,111,31.1,1016.4,3.799,3.76,3.661,5.13,91.94,86.19,219.17,19.49,42.33,8.37,2451.8,True
W3_0112,112,Chamber 3,Stage B,112,31.2,1018.3,2.4,2.334,2.317,3.257,65.36,59.77,159.08,16.53,32.34,8.62,1066.0,True
W3_0113,113,Chamber 3,Stage A,113,31.3,1011.2,3.762,3.781,3.602,5.188,91.97,85.85,220.37,19.33,41.44,8.59,2386.9,True
W3_0114,114,Chamber 3,Stage A,114,31.4,1007.4,3.891,3.695,3.682,5.101,92.2,86.26,222.26,19.69,42.78,8.47,2450.6,True
W3_0115,115,Chamber 3,Stage A,115,31.5,1006.2,3.791,3.729,3.635,5.252,91.66,86.47,221.71,19.23,41.5,8.5,2389.4,True
W3_0116,116,Chamber 3,Stage B,116,31.6,1008.7,2.356,2.392,2.323,3.279,65.24,60.07,162.92,16.27,32.84,8.41,1140.5,True
W3_0117,117,Chamber 3,Stage A,117,31.7,1011.2,3.804,3.762,3.675,5.132,92.05,85.4,218.89,19.44,42.62,8.58,2402.6,True
W3_0118,118,Chamber 3,Stage A,118,31.8,1011.4,3.843,3.751,3.643,5.182,93.37,86.05,217.38,19.54,42.01,8.41,2452.9,True
W3_0119,119,Chamber 3,Stage A,119,31.9,1014.2,3.839,3.75,3.583,5.176,92.28,86.1,216.54,19.26,41.05,8.38,2405.3,True
W3_0120,120,Chamber 3,Stage B,120,32.0,1004.2,2.395,2.391,2.257,3.213,65.04,59.64,159.16,16.4,33.04,8.47,1089.1,True
W3_0121,121,Chamber 3,Stage A,121,32.1,1005.7,3.818,3.722,3.638,5.138,92.46,86.45,219.52,19.33,42.05,8.62,2421.0,True
W3_0122,122,Chamber 3,Stage A,122,32.2,999.0,3.803,3.728,3.605,5.115,91.9,85.67,220.04,19.25,41.98,8.44,2389.8,True
W3_0123,123,Chamber 3,Stage A,123,32.3,992.7,3.836,3.732,3.628,5.15,92.68,86.37,221.1,19.63,42.98,8.61,2443.4,True
W3_0124,124,Chamber 3,Stage B,124,32.4,999.0,2.355,2.357,2.306,3.213,65.33,59.25,158.93,16.15,32.67,8.43,1066.4,True
W3_0125,125,Chamber 3,Stage A,125,32.5,996.0,3.819,3.691,3.668,5.144,92.93,86.16,219.72,19.46,41.6,8.37,2421.4,True
W3_0126,126,Chamber 3,Stage A,126,32.6,989.7,3.845,3.653,3.686,5.133,92.17,85.67,218.49,19.76,43.14,8.57,2402.0,True
W3_0127,127,Chamber 3,Stage A,127,32.7,986.6,3.777,3.709,3.586,5.094,91.78,85.93,220.26,19.11,41.62,8.55,2368.8,True
W3_0128,128,Chamber 3,Stage B,128,32.8,985.3,2.414,2.379,2.332,3.278,64.95,59.79,158.51,16.32,32.69,8.27,1077.2,True
W3_0129,129,Chamber 3,Stage A,129,32.9,985.4,3.801,3.756,3.638,5.017,91.92,85.94,219.55,19.39,42.09,8.41,2408.8,True
W3_0130,130,Chamber 3,Stage A,130,33.0,983.0,3.785,3.765,3.665,5.171,92.49,86.21,221.86,19.59,42.12,8.26,2431.2,True
W3_0131,131,Chamber 3,Stage A,131,33.1,983.6,3.811,3.729,3.662,5.079,92.14,85.91,220.56,19.2,42.16,8.39,2389.6,True
W3_0132,132,Chamber 3,Stage B,132,33.2,986.1,2.377,2.325,2.307,3.165,64.6,60.82,160.92,16.49,32.73,8.39,1073.8,True
W3_0133,133,Chamber 3,Stage A,133,33.3,978.9,3.739,3.692,3.653,5.146,91.64,86.1,218.75,19.32,42.42,8.46,2356.3,True
W3_0134,134,Chamber 3,Stage A,134,33.4,978.6,3.799,3.704,3.679,5.147,92.16,85.49,222.33,19.4,42.51,8.08,2410.7,True
W3_0135,135,Chamber 3,Stage A,135,33.5,973.9,3.802,3.734,3.744,5.197,92.28,85.63,220.29,19.38,42.43,8.38,2414.7,True
W3_0136,136,Chamber 3,Stage B,136,33.6,975.8,2.405,2.326,2.305,3.278,64.98,59.84,160.41,16.44,32.39,8.6,1081.1,True
W3_0137,137,Chamber 3,Stage A,137,33.7,982.4,3.819,3.738,3.671,5.029,91.38,86.4,216.99,19.36,41.57,8.56,2399.2,True
W3_0138,138,Chamber 3,Stage A,138,33.8,972.0,3.781,3.767,3.659,5.097,92.32,86.23,220.07,19.39,41.57,8.54,2398.4,True
W3_0139,139,Chamber 3,Stage A,139,33.9,974.2,3.808,3.732,3.605,5.194,92.05,85.92,220.86,19.49,42.31,8.54,2400.7,True
W3_0140,140,Chamber 3,Stage B,140,34.0,966.7,2.395,2.318,2.354,3.228,64.81,59.31,160.68,16.23,32.36,8.52,1109.4,True
W3_0141,141,Chamber 3,Stage A,141,34.1,974.2,3.787,3.698,3.686,5.111,91.71,86.28,217.24,19.6,42.7,8.59,2395.5,True
W3_0142,142,Chamber 3,Stage A,142,34.2,970.2,3.836,3.737,3.675,5.086,92.31,85.6,219.27,19.53,41.96,8.04,2402.7,True
W3_0143,143,Chamber 3,Stage A,143,34.3,966.6,3.767,3.755,3.711,5.168,92.32,86.07,218.95,19.03,41.37,8.61,2387.5,True
W3_0144,144,Chamber 3,Stage B,144,34.4,958.0,2.415,2.354,2.309,3.146,64.85,59.73,158.68,16.11,32.18,8.59,1067.0,True
W3_0145,145,Chamber 3,Stage A,145,34.5,963.6,3.802,3.695,3.651,5.123,92.67,86.2,216.32,19.06,41.68,8.31,2403.9,True
W3_0146,146,Chamber 3,Stage A,146,34.6,962.0,3.816,3.706,3.661,5.095,92.08,85.63,223.03,19.42,42.32,8.26,2378.1,True
W3_0147,147,Chamber 3,Stage A,147,34.7,957.7,3.841,3.733,3.621,5.133,92.73,86.54,221.82,19.41,42.63,8.62,2376.7,True
W3_0148,148,Chamber 3,Stage B,148,34.8,958.8,2.375,2.32,2.282,3.364,65.05,60.14,157.56,16.33,32.72,8.22,1068.4,True
W3_0149,149,Chamber 3,Stage A,149,34.9,952.0,3.782,3.766,3.629,5.2,92.18,85.28,218.5,19.22,42.23,8.23,2372.0,True
W3_0150,150,Chamber 3,Stage A,150,35.0,954.9,3.755,3.774,3.651,5.115,91.84,85.39,217.39,19.05,41.64,8.69,2342.4,True
W3_0151,151,Chamber 3,Stage A,151,35.1,957.1,3.811,3.777,3.688,5.118,92.19,85.87,224.11,19.54,42.14,8.67,2401.3,True
W3_0152,152,Chamber 3,Stage B,152,35.2,952.7,2.334,2.366,2.289,3.328,65.62,60.01,163.07,16.35,33.2,8.77,1060.0,True
W3_0153,153,Chamber 3,Stage A,153,35.3,944.9,3.789,3.727,3.69,5.131,91.32,86.15,218.61,19.49,42.53,8.63,2382.5,True
W3_0154,154,Chamber 3,Stage A,154,35.4,939.9,3.824,3.783,3.627,5.22,91.78,85.66,220.59,19.48,41.92,8.61,2360.5,True
W3_0155,155,Chamber 3,Stage A,155,35.5,943.0,3.772,3.701,3.664,5.188,91.41,86.14,217.65,19.3,41.2,8.59,2340.7,True
W3_0156,156,Chamber 3,Stage B,156,35.6,944.2,2.333,2.38,2.329,3.24,64.39,60.48,158.67,16.54,32.59,8.43,1069.4,True
W3_0157,157,Chamber 3,Stage A,157,35.7,940.7,3.808,3.735,3.656,5.127,92.6,85.47,222.04,19.4,42.46,8.62,2340.6,True
W3_0158,158,Chamber 3,Stage A,158,35.8,939.7,3.77,3.702,3.611,5.106,91.76,85.05,221.4,19.3,41.73,8.83,2319.8,True
W3_0159,159,Chamber 3,Stage A,159,35.9,934.6,3.799,3.699,3.698,5.056,92.29,85.96,223.8,19.29,41.67,8.55,2349.6,True
W3_0160,160,Chamber 3,Stage B,160,36.0,936.7,2.346,2.324,2.307,3.255,64.21,59.95,161.13,16.23,32.1,8.48,1034.0,True
W3_0161,161,Chamber 3,Stage A,161,36.1,938.0,3.869,3.702,3.638,5.127,91.73,86.44,215.26,19.34,42.07,8.42,2370.2,True
W3_0162,162,Chamber 3,Stage A,162,36.2,932.6,3.806,3.7,3.662,5.11,92.3,86.59,214.79,19.09,41.99,8.52,2374.3,True
W3_0163,163,Chamber 3,Stage A,163,36.3,932.8,3.776,3.696,3.696,5.178,92.78,86.02,220.58,19.3,41.45,8.46,2349.9,True
W3_0164,164,Chamber 3,Stage B,164,36.4,930.5,2.405,2.361,2.354,3.238,65.3,60.82,162.61,16.25,32.6,8.67,1085.6,True
W3_0165,165,Chamber 3,Stage A,165,36.5,934.9,3.801,3.755,3.612,5.212,92.36,85.97,219.7,19.49,42.38,8.57,2353.0,True
W3_0166,166,Chamber 3,Stage A,166,36.6,924.4,3.789,3.723,3.692,5.137,92.45,85.64,219.59,19.27,41.55,8.72,2340.7,True
W3_0167,167,Chamber 3,Stage A,167,36.7,920.7,3.803,3.725,3.686,5.207,91.66,86.04,221.35,19.45,42.15,8.73,2361.5,True
W3_0168,168,Chamber 3,Stage B,168,36.8,930.7,2.406,2.396,2.298,3.246,64.9,59.07,160.04,16.23,32.0,8.55,1066.2,True
W3_0169,169,Chamber 3,Stage A,169,36.9,925.9,3.841,3.684,3.674,5.097,91.77,85.82,221.41,19.33,41.7,8.64,2352.0,True
W3_0170,170,Chamber 3,Stage A,170,37.0,924.8,3.761,3.725,3.616,5.127,91.91,85.98,218.4,18.98,40.87,8.28,2315.2,True
W3_0171,171,Chamber 3,Stage A,171,37.1,917.8,3.774,3.767,3.697,5.032,92.04,85.84,214.18,19.49,42.72,8.28,2356.4,True
W3_0172,172,Chamber 3,Stage B,172,37.2,914.6,2.45,2.416,2.286,3.14,64.16,60.53,159.91,16.25,32.0,8.53,1068.1,True
W3_0173,173,Chamber 3,Stage A,173,37.3,925.5,3.769,3.7,3.684,5.142,92.24,85.64,214.09,19.51,41.5,8.42,2341.7,True
W3_0174,174,Chamber 3,Stage A,174,37.4,914.3,3.817,3.705,3.658,5.219,92.73,85.77,220.51,19.4,42.56,8.29,2334.9,True
W3_0175,175,Chamber 3,Stage A,175,37.5,912.3,3.813,3.726,3.653,5.121,92.4,86.29,218.03,19.3,41.96,8.35,2337.5,True
W3_0176,176,Chamber 3,Stage B,176,37.6,914.0,2.39,2.378,2.314,3.224,65.09,60.53,158.86,16.29,32.6,8.56,1061.7,True
W3_0177,177,Chamber 3,Stage A,177,37.7,907.1,3.772,3.684,3.609,5.071,92.24,85.44,219.4,19.29,41.56,8.59,2307.3,True
W3_0178,178,Chamber 3,Stage A,178,37.8,902.1,3.794,3.791,3.672,5.254,91.8,85.97,217.34,19.72,42.34,8.38,2325.2,True
W3_0179,179,Chamber 3,Stage A,179,37.9,903.3,3.79,3.722,3.676,5.153,91.83,85.95,219.36,19.0,41.7,8.36,2352.8,True
W3_0180,180,Chamber 3,Stage B,180,38.0,905.1,2.377,2.374,2.349,3.296,65.2,60.43,156.57,16.28,32.72,8.42,1072.4,True
W3_0181,181,Chamber 3,Stage A,181,38.1,898.1,3.774,3.706,3.687,5.091,92.05,85.69,219.37,19.2,41.1,8.49,2308.2,True
W3_0182,182,Chamber 3,Stage A,182,38.2,902.0,3.772,3.722,3.676,5.205,91.71,86.86,217.99,19.13,41.22,8.66,2328.7,True
W3_0183,183,Chamber 3,Stage A,183,38.3,895.8,3.82,3.696,3.618,5.084,91.96,85.92,218.1,19.46,42.26,8.54,2321.4,True
W3_0184,184,Chamber 3,Stage B,184,38.4,895.3,2.42,2.33,2.359,3.257,64.75,59.76,158.97,16.23,32.03,8.71,1049.4,True
W3_0185,185,Chamber 3,Stage A,185,38.5,891.8,3.755,3.712,3.645,5.099,92.27,86.37,219.84,19.12,40.76,8.53,2308.5,True
W3_0186,186,Chamber 3,Stage A,186,38.6,899.5,3.868,3.779,3.662,5.187,91.11,85.68,219.06,19.28,40.82,8.46,2337.4,True
W3_0187,187,Chamber 3,Stage A,187,38.7,894.2,3.776,3.698,3.568,5.115,92.36,85.76,224.29,19.25,41.13,8.46,2262.5,True
W3_0188,188,Chamber 3,Stage B,188,38.8,889.6,2.422,2.393,2.273,3.248,65.23,60.18,158.27,16.31,32.46,8.14,1062.5,True
W3_0189,189,Chamber 3,Stage A,189,38.9,895.9,3.76,3.666,3.614,5.25,92.29,86.08,219.64,19.4,41.75,8.46,2286.1,True
W3_0190,190,Chamber 3,Stage A,190,39.0,894.8,3.822,3.761,3.63,5.183,91.87,86.04,223.27,19.35,41.91,8.34,2313.1,True
W3_0191,191,Chamber 3,Stage A,191,39.1,884.1,3.761,3.768,3.684,5.225,91.36,85.65,222.98,19.09,40.9,8.22,2330.0,True
W3_0192,192,Chamber 3,Stage B,192,39.2,882.3,2.382,2.361,2.318,3.262,64.93,59.22,158.16,16.44,32.27,8.71,1017.7,True
W3_0193,193,Chamber 3,Stage A,193,39.3,878.2,3.804,3.711,3.651,5.121,91.44,86.07,217.34,19.27,41.98,8.52,2297.2,True
W3_0194,194,Chamber 3,Stage A,194,39.4,883.6,3.818,3.72,3.699,5.188,91.94,86.29,219.21,19.39,41.85,8.51,2333.3,True
W3_0195,195,Chamber 3,Stage A,195,39.5,880.5,3.828,3.741,3.614,5.215,92.72,85.91,219.26,19.21,41.83,8.59,2319.0,True
W3_0196,196,Chamber 3,Stage B,196,39.6,875.5,2.422,2.362,2.296,3.29,65.03,59.81,159.64,16.36,32.57,8.24,1063.1,True
W3_0197,197,Chamber 3,Stage A,197,39.7,872.2,3.815,3.748,3.718,5.137,91.58,86.34,223.73,19.49,42.43,8.45,2324.4,True
W3_0198,198,Chamber 3,Stage A,198,39.8,864.9,3.798,3.738,3.675,5.147,91.85,86.22,221.72,19.27,41.32,8.56,2287.4,True
W3_0199,199,Chamber 3,Stage A,199,39.9,874.0,3.845,3.739,3.666,5.076,92.3,86.11,216.83,19.27,41.7,8.71,2288.2,True
W3_0200,200,Chamber 3,Stage B,200,40.0,879.6,2.408,2.346,2.342,3.171,64.76,59.66,159.44,16.26,32.33,8.51,1061.6,True
W3_0201,201,Chamber 3,Stage A,201,40.1,866.9,3.804,3.701,3.692,5.058,91.87,85.72,217.68,19.15,41.29,8.46,2285.0,True
W3_0202,202,Chamber 3,Stage A,202,40.2,865.9,3.793,3.748,3.644,5.171,92.23,86.23,222.78,19.18,42.01,8.33,2260.1,True
W3_0203,203,Chamber 3,Stage A,203,40.3,861.3,3.804,3.645,3.688,5.094,92.13,85.91,217.42,19.1,41.53,8.34,2277.1,True
W3_0204,204,Chamber 3,Stage B,204,40.4,866.9,2.436,2.396,2.34,3.265,65.12,59.51,159.51,16.19,32.48,8.4,1063.9,True
W3_0205,205,Chamber 3,Stage A,205,40.5,856.7,3.817,3.742,3.63,5.223,92.02,86.12,218.7,19.22,41.84,8.36,2271.9,True
W3_0206,206,Chamber 3,Stage A,206,40.6,867.9,3.836,3.706,3.638,5.203,91.55,85.71,218.46,19.51,42.43,8.74,2270.6,True
W3_0207,207,Chamber 3,Stage A,207,40.7,854.0,3.808,3.75,3.645,5.117,92.67,86.22,222.9,19.19,41.21,8.54,2293.8,True
W3_0208,208,Chamber 3,Stage B,208,40.8,859.8,2.436,2.336,2.308,3.255,64.76,60.58,157.77,16.22,32.41,8.54,1048.4,True
W3_0209,209,Chamber 3,Stage A,209,40.9,848.2,3.78,3.745,3.659,5.066,91.66,86.46,220.62,19.09,41.12,8.42,2273.0,True
W3_0210,210,Chamber 3,Stage A,210,41.0,857.7,3.834,3.753,3.61,5.137,91.64,85.9,219.31,19.36,42.11,8.44,2268.5,True
W3_0211,211,Chamber 3,Stage A,211,41.1,856.3,3.75,3.701,3.691,5.142,92.08,86.85,220.49,19.33,41.14,8.39,2293.1,True
W3_0212,212,Chamber 3,Stage B,212,41.2,841.4,2.436,2.34,2.276,3.237,64.65,60.07,162.26,16.4,32.31,8.47,1014.4,True
W3_0213,213,Chamber 3,Stage A,213,41.3,841.2,3.814,3.754,3.661,5.098,91.55,86.2,220.28,19.62,41.95,8.48,2284.6,True
W3_0214,214,Chamber 3,Stage A,214,41.4,842.6,3.795,3.753,3.637,5.056,91.93,85.66,220.98,19.17,40.92,8.62,2259.0,True
W3_0215,215,Chamber 3,Stage A,215,41.5,848.6,3.765,3.735,3.657,5.096,92.0,86.61,218.05,19.21,41.68,8.21,2286.6,True
W3_0216,216,Chamber 3,Stage B,216,41.6,841.2,2.334,2.332,2.374,3.269,65.27,60.47,160.03,16.32,32.63,8.62,1030.4,True
W3_0217,217,Chamber 3,Stage A,217,41.7,844.0,3.8,3.689,3.624,5.116,91.62,85.8,219.67,19.41,41.56,8.56,2264.9,True
W3_0218,218,Chamber 3,Stage A,218,41.8,844.0,3.805,3.734,3.684,5.191,92.53,86.02,221.11,19.18,41.31,8.7,2298.7,True
W3_0219,219,Chamber 3,Stage A,219,41.9,840.7,3.793,3.679,3.655,5.084,91.4,85.49,220.65,19.28,41.41,8.7,2220.9,True
W3_0220,220,Chamber 3,Stage B,220,42.0,835.7,2.4,2.369,2.289,3.199,65.06,60.66,161.72,16.39,31.64,8.42,1012.9,True
W3_0221,221,Chamber 3,Stage A,221,42.1,836.2,3.84,3.676,3.693,5.117,91.54,85.9,218.55,19.11,40.68,8.57,2242.4,True
W3_0222,222,Chamber 3,Stage A,222,42.2,835.0,3.764,3.709,3.653,5.119,92.1,86.27,217.68,18.79,40.35,8.49,2241.8,True
W3_0223,223,Chamber 3,Stage A,223,42.3,825.6,3.835,3.71,3.62,5.138,91.47,85.74,222.44,18.98,40.19,8.51,2261.5,True
W3_0224,224,Chamber 3,Stage B,224,42.4,830.9,2.413,2.392,2.361,3.257,65.2,59.15,164.2,16.44,32.16,8.41,1062.7,True
W3_0225,225,Chamber 3,Stage A,225,42.5,821.3,3.83,3.725,3.617,5.204,91.75,86.61,222.6,19.4,42.81,8.59,2250.0,True
W3_0226,226,Chamber 3,Stage A,226,42.6,825.9,3.867,3.711,3.682,5.093,92.62,85.72,217.62,19.18,41.61,8.47,2286.4,True
W3_0227,227,Chamber 3,Stage A,227,42.7,830.4,3.78,3.706,3.709,5.141,91.21,85.79,220.19,19.53,41.48,8.78,2245.3,True
W3_0228,228,Chamber 3,Stage B,228,42.8,820.3,2.365,2.28,2.262,3.077,65.84,60.09,158.15,16.4,32.41,8.57,997.8,True
W3_0229,229,Chamber 3,Stage A,229,42.9,820.5,3.825,3.748,3.651,5.239,91.82,85.64,220.84,19.22,41.4,8.4,2282.7,True
W3_0230,230,Chamber 3,Stage A,230,43.0,818.3,3.776,3.759,3.616,5.095,92.23,86.38,222.44,19.2,41.53,8.39,2270.8,True
W3_0231,231,Chamber 3,Stage A,231,43.1,819.1,3.808,3.729,3.616,5.178,92.22,85.21,220.55,19.25,41.31,8.38,2242.5,True
W3_0232,232,Chamber 3,Stage B,232,43.2,805.9,2.423,2.306,2.354,3.266,65.54,60.35,159.98,16.44,32.76,8.31,1014.4,True
W3_0233,233,Chamber 3,Stage A,233,43.3,817.0,3.794,3.715,3.641,5.156,92.35,86.4,220.89,19.2,42.03,8.23,2254.7,True
W3_0234,234,Chamber 3,Stage A,234,43.4,818.9,3.812,3.653,3.641,5.128,92.51,86.02,216.71,19.0,40.72,8.56,2243.4,True
W3_0235,235,Chamber 3,Stage A,235,43.5,816.3,3.814,3.743,3.662,5.135,92.28,85.03,220.22,19.32,41.79,8.34,2219.8,True
W3_0236,236,Chamber 3,Stage B,236,43.6,818.5,2.419,2.369,2.28,3.201,65.09,59.72,160.87,16.32,32.74,8.18,1012.9,True
W3_0237,237,Chamber 3,Stage A,237,43.7,813.2,3.73,3.7,3.636,5.173,92.35,85.65,222.0,19.25,41.36,8.44,2210.0,True
W3_0238,238,Chamber 3,Stage A,238,43.8,801.2,3.784,3.723,3.663,5.157,92.35,86.08,219.16,19.18,41.52,8.45,2241.2,True
W3_0239,239,Chamber 3,Stage A,239,43.9,805.9,3.82,3.729,3.678,5.13,91.3,85.86,219.6,19.0,40.67,8.61,2224.2,True
W3_0240,240,Chamber 3,Stage B,240,44.0,805.3,2.381,2.33,2.292,3.204,65.27,59.71,158.19,16.25,31.81,8.77,1003.0,True
W3_0241,241,Chamber 3,Stage A,241,44.1,804.4,3.755,3.759,3.673,5.154,92.54,86.18,220.9,19.39,41.61,8.73,2233.2,True
W3_0242,242,Chamber 3,Stage A,242,44.2,796.9,3.814,3.682,3.644,5.143,91.83,86.13,221.61,19.23,41.82,8.5,2226.1,True
W3_0243,243,Chamber 3,Stage A,243,44.3,795.6,3.82,3.734,3.687,5.132,91.27,85.32,221.47,19.19,41.53,8.41,2222.6,True
W3_0244,244,Chamber 3,Stage B,244,44.4,800.9,2.4,2.334,2.293,3.224,64.91,60.37,159.74,16.42,32.74,8.65,1007.1,True
W3_0245,245,Chamber 3,Stage A,245,44.5,798.1,3.803,3.754,3.666,5.112,92.36,86.04,219.79,19.31,41.83,8.43,2244.7,True
W3_0246,246,Chamber 3,Stage A,246,44.6,791.5,3.838,3.72,3.615,5.195,91.79,85.72,216.41,19.03,40.51,8.59,2226.7,True
W3_0247,247,Chamber 3,Stage A,247,44.7,791.0,3.796,3.698,3.632,5.143,91.8,85.9,217.07,19.32,41.67,8.67,2195.6,True
W3_0248,248,Chamber 3,Stage B,248,44.8,794.1,2.343,2.446,2.3,3.292,64.5,60.4,163.72,16.02,32.08,8.49,1004.6,True
W3_0249,249,Chamber 3,Stage A,249,44.9,790.0,3.799,3.715,3.664,5.16,91.34,86.04,224.87,19.24,41.84,8.3,2204.4,True
W3_0250,250,Chamber 3,Stage A,250,45.0,786.9,3.8,3.702,3.646,5.116,92.05,85.7,217.45,19.3,41.9,8.49,2219.5,True
W3_0251,251,Chamber 3,Stage A,251,45.1,787.0,3.856,3.724,3.669,5.092,92.2,86.11,219.89,19.19,41.33,8.42,2231.2,True
W3_0252,252,Chamber 3,Stage B,252,45.2,782.9,2.399,2.355,2.298,3.241,66.08,60.12,161.29,16.27,32.65,8.57,1023.3,True
W3_0253,253,Chamber 3,Stage A,253,45.3,786.0,3.771,3.735,3.615,5.157,91.52,85.87,217.14,19.04,40.61,8.92,2208.6,True
W3_0254,254,Chamber 3,Stage A,254,45.4,780.8,3.79,3.765,3.675,5.141,92.1,85.88,218.18,19.31,41.6,8.69,2218.2,True
W3_0255,255,Chamber 3,Stage A,255,45.5,782.5,3.802,3.752,3.626,5.088,92.49,85.81,217.47,19.22,41.7,8.43,2230.3,True
W3_0256,256,Chamber 3,Stage B,256,45.6,780.6,2.428,2.331,2.298,3.191,64.92,60.27,160.27,16.11,32.21,8.7,998.3,True
W3_0257,257,Chamber 3,Stage A,257,45.7,774.3,3.794,3.741,3.619,5.047,92.22,86.7,218.01,19.05,40.96,8.68,2211.5,True
W3_0258,258,Chamber 3,Stage A,258,45.8,773.4,3.761,3.673,3.623,5.14,92.0,85.8,220.4,19.22,41.2,8.66,2163.8,True
W3_0259,259,Chamber 3,Stage A,259,45.9,775.3,3.794,3.687,3.635,5.026,92.76,85.63,223.17,19.21,41.29,8.51,2205.9,True
W3_0260,260,Chamber 3,Stage B,260,46.0,769.6,2.423,2.341,2.29,3.16,65.21,60.43,163.23,16.36,31.63,8.55,970.2,True
W3_0261,261,Chamber 3,Stage A,261,46.1,774.1,3.793,3.722,3.649,5.137,91.03,86.01,215.54,18.96,40.33,8.61,2174.5,True
W3_0262,262,Chamber 3,Stage A,262,46.2,775.1,3.806,3.734,3.683,5.125,92.3,86.27,217.43,18.87,41.17,8.72,2221.5,True
W3_0263,263,Chamber 3,Stage A,263,46.3,763.4,3.794,3.716,3.666,5.114,92.73,86.08,219.36,19.02,40.83,8.42,2197.5,True
W3_0264,264,Chamber 3,Stage B,264,46.4,759.8,2.463,2.321,2.308,3.27,65.25,59.98,159.52,16.15,32.23,8.57,989.0,True
W3_0265,265,Chamber 3,Stage A,265,46.5,760.6,3.78,3.725,3.659,5.219,91.79,86.31,220.61,19.02,41.15,8.69,2195.0,True
W3_0266,266,Chamber 3,Stage A,266,46.6,764.7,3.771,3.686,3.653,5.205,91.84,86.24,219.8,19.19,41.09,8.31,2172.8,True
W3_0267,267,Chamber 3,Stage A,267,46.7,758.9,3.768,3.736,3.623,5.104,90.55,86.84,221.1,19.04,40.57,8.38,2142.1,True
W3_0268,268,Chamber 3,Stage B,268,46.8,753.9,2.453,2.318,2.306,3.35,65.25,60.05,161.01,16.16,32.33,8.44,985.9,True
W3_0269,269,Chamber 3,Stage A,269,46.9,758.0,3.792,3.716,3.684,5.165,92.11,86.0,217.88,19.14,41.55,8.17,2181.0,True
W3_0270,270,Chamber 3,Stage A,270,47.0,754.2,3.798,3.775,3.685,5.178,92.3,85.48,221.33,19.27,41.7,8.56,2237.5,True
W3_0271,271,Chamber 3,Stage A,271,47.1,750.2,3.828,3.71,3.672,5.177,92.15,86.67,218.23,19.2,41.69,8.43,2216.7,True
W3_0272,272,Chamber 3,Stage B,272,47.2,752.0,2.366,2.361,2.302,3.267,64.99,59.86,159.85,16.2,32.05,8.5,991.4,True
W3_0273,273,Chamber 3,Stage A,273,47.3,748.9,3.868,3.729,3.631,5.264,92.17,86.4,221.18,19.26,41.2,8.59,2175.0,True
W3_0274,274,Chamber 3,Stage A,274,47.4,752.1,3.778,3.735,3.658,5.154,92.11,85.76,219.48,19.08,41.23,8.64,2163.2,True
W3_0275,275,Chamber 3,Stage A,275,47.5,747.9,3.836,3.696,3.657,5.222,92.17,86.57,222.0,19.13,41.23,8.36,2200.1,True
W3_0276,276,Chamber 3,Stage B,276,47.6,751.8,2.312,2.313,2.238,3.249,65.1,60.11,158.08,16.1,31.73,8.6,955.7,True
W3_0277,277,Chamber 3,Stage A,277,47.7,733.2,3.851,3.741,3.626,5.174,91.82,85.69,215.71,18.82,41.02,8.52,2175.3,True
W3_0278,278,Chamber 3,Stage A,278,47.8,736.8,3.833,3.74,3.64,5.158,91.61,86.03,221.59,19.05,41.04,8.04,2194.0,True
W3_0279,279,Chamber 3,Stage A,279,47.9,738.1,3.781,3.667,3.693,5.118,91.82,85.98,221.27,19.34,42.18,8.55,2151.2,True
W3_0280,280,Chamber 3,Stage B,280,48.0,737.1,2.355,2.353,2.328,3.209,64.68,60.61,157.15,16.25,31.53,8.19,970.4,True
W3_0281,281,Chamber 3,Stage A,281,48.1,734.3,3.835,3.703,3.671,5.206,91.82,86.29,219.52,18.91,40.18,8.64,2158.0,True
W3_0282,282,Chamber 3,Stage A,282,48.2,732.5,3.793,3.746,3.636,5.089,91.86,85.69,218.13,19.2,40.98,8.26,2135.2,True
W3_0283,283,Chamber 3,Stage A,283,48.3,735.7,3.854,3.696,3.641,5.069,91.46,86.62,220.34,19.04,40.7,8.52,2181.4,True
W3_0284,284,Chamber 3,Stage B,284,48.4,734.0,2.366,2.361,2.324,3.15,64.55,60.36,161.75,16.38,32.31,8.27,963.5,True
W3_0285,285,Chamber 3,Stage A,285,48.5,731.0,3.825,3.713,3.649,5.098,92.66,85.95,218.16,19.0,41.5,8.39,2194.9,True
W3_0286,286,Chamber 3,Stage A,286,48.6,726.8,3.814,3.721,3.649,5.123,92.41,86.0,221.53,19.26,41.02,8.43,2150.0,True
W3_0287,287,Chamber 3,Stage A,287,48.7,723.8,3.791,3.713,3.67,5.114,92.56,85.67,220.34,19.14,41.31,8.38,2174.8,True
W3_0288,288,Chamber 3,Stage B,288,48.8,726.5,2.418,2.329,2.307,3.18,64.73,59.97,163.63,16.3,32.46,8.52,992.4,True
W3_0289,289,Chamber 3,Stage A,289,48.9,723.0,3.781,3.738,3.639,5.031,92.37,86.44,223.68,19.17,41.34,8.56,2182.2,True
W3_0290,290,Chamber 3,Stage A,290,49.0,718.0,3.795,3.703,3.664,5.053,92.31,86.24,221.17,19.21,41.96,8.52,2144.5,True
W3_0291,291,Chamber 3,Stage A,291,49.1,714.2,3.817,3.694,3.681,5.196,91.65,85.93,220.03,19.23,41.16,8.63,2141.0,True
W3_0292,292,Chamber 3,Stage B,292,49.2,721.4,2.385,2.365,2.296,3.163,66.15,60.11,160.22,16.1,32.2,8.34,960.4,True
W3_0293,293,Chamber 3,Stage A,293,49.3,718.1,3.858,3.735,3.681,5.122,91.97,86.44,223.33,19.05,40.89,8.7,2163.3,True
W3_0294,294,Chamber 3,Stage A,294,49.4,711.2,3.825,3.754,3.699,5.114,91.45,86.14,223.77,19.22,41.66,8.43,2156.9,True
W3_0295,295,Chamber 3,Stage A,295,49.5,711.8,3.732,3.691,3.636,5.185,91.96,85.79,218.22,19.23,41.7,8.6,2093.4,True
W3_0296,296,Chamber 3,Stage B,296,49.6,711.6,2.458,2.386,2.258,3.237,65.15,59.7,155.38,16.19,31.82,8.51,967.2,True
W3_0297,297,Chamber 3,Stage A,297,49.7,698.4,3.773,3.717,3.595,5.146,90.86,85.88,221.84,18.75,41.44,8.34,2103.2,True
W3_0298,298,Chamber 3,Stage A,298,49.8,710.9,3.796,3.724,3.574,5.226,92.11,85.66,222.93,19.08,39.83,8.23,2122.3,True
W3_0299,299,Chamber 3,Stage A,299,49.9,705.4,3.809,3.741,3.65,5.144,92.04,85.76,219.91,18.96,40.69,8.54,2151.8,True
W3_0300,300,Chamber 3,Stage B,300,50.0,699.0,2.418,2.319,2.26,3.198,64.91,59.73,162.59,16.07,32.46,8.53,968.0,True
W3_0301,301,Chamber 3,Stage A,301,50.1,708.3,3.807,3.701,3.712,5.202,91.7,85.95,220.49,19.02,40.8,8.63,2133.7,True
W3_0302,302,Chamber 3,Stage A,302,50.2,711.6,3.813,3.701,3.667,5.111,92.36,87.01,219.28,19.03,40.89,8.62,2141.5,True
W3_0303,303,Chamber 3,Stage A,303,50.3,696.6,3.791,3.742,3.59,5.152,92.46,85.79,214.98,19.26,41.23,8.49,2113.0,True
W3_0304,304,Chamber 3,Stage B,304,50.4,699.2,2.365,2.358,2.318,3.213,65.31,60.19,160.09,16.25,31.33,8.36,960.8,True
W3_0305,305,Chamber 3,Stage A,305,50.5,699.7,3.815,3.736,3.645,5.132,91.44,85.77,220.1,19.17,41.11,8.39,2118.8,True
W3_0306,306,Chamber 3,Stage A,306,50.6,691.3,3.827,3.745,3.585,5.19,92.61,85.81,220.47,18.8,40.14,8.37,2117.1,True
W3_0307,307,Chamber 3,Stage A,307,50.7,696.6,3.778,3.724,3.625,5.157,92.27,86.95,222.25,19.04,40.94,8.54,2116.6,True
W3_0308,308,Chamber 3,Stage B,308,50.8,692.1,2.358,2.345,2.321,3.226,64.92,59.94,158.33,16.22,32.01,8.68,935.9,True
W3_0309,309,Chamber 3,Stage A,309,50.9,693.3,3.773,3.766,3.614,5.097,91.51,85.46,223.18,19.13,40.75,8.58,2087.6,True
W3_0310,310,Chamber 3,Stage A,310,51.0,686.5,3.774,3.705,3.671,5.173,92.24,85.58,219.11,18.71,41.08,8.52,2095.5,True
W3_0311,311,Chamber 3,Stage A,311,51.1,689.3,3.715,3.682,3.667,5.132,92.63,86.62,220.87,18.91,40.19,8.55,2107.1,True
W3_0312,312,Chamber 3,Stage B,312,51.2,681.8,2.409,2.325,2.332,3.314,65.38,60.4,158.88,16.3,32.33,8.66,957.5,True
W3_0313,313,Chamber 3,Stage A,313,51.3,683.2,3.798,3.754,3.635,5.175,92.29,85.88,222.78,19.23,41.7,8.45,2100.2,True
W3_0314,314,Chamber 3,Stage A,314,51.4,681.6,3.794,3.686,3.641,5.09,92.23,86.52,217.55,19.11,40.65,8.76,2098.2,True
W3_0315,315,Chamber 3,Stage A,315,51.5,679.0,3.788,3.699,3.67,5.116,91.43,86.22,217.59,18.93,40.99,8.33,2106.1,True
W3_0316,316,Chamber 3,Stage B,316,51.6,676.2,2.393,2.343,2.311,3.202,65.59,59.41,160.89,16.3,31.66,8.6,933.7,True
W3_0317,317,Chamber 3,Stage A,317,51.7,676.4,3.827,3.725,3.594,5.217,91.79,85.84,220.51,19.32,41.1,8.59,2103.0,True
W3_0318,318,Chamber 3,Stage A,318,51.8,670.6,3.824,3.752,3.607,5.217,91.38,85.55,219.48,19.13,40.77,8.79,2083.8,True
W3_0319,319,Chamber 3,Stage A,319,51.9,671.2,3.787,3.765,3.65,5.227,92.3,85.74,220.1,19.08,42.12,8.37,2117.0,True
W3_0320,320,Chamber 3,Stage B,320,52.0,672.0,2.447,2.385,2.36,3.332,64.41,59.56,157.99,16.48,32.04,8.36,984.3,True
W3_0321,321,Chamber 3,Stage A,321,52.1,668.6,3.859,3.769,3.634,5.03,91.91,85.74,220.41,18.96,41.23,8.51,2112.6,True
W3_0322,322,Chamber 3,Stage A,322,52.2,670.5,3.806,3.753,3.611,5.116,91.95,85.79,221.8,19.08,40.52,8.39,2081.5,True
W3_0323,323,Chamber 3,Stage A,323,52.3,663.7,3.859,3.722,3.681,5.214,92.41,85.99,221.28,19.22,40.65,8.31,2099.4,True
W3_0324,324,Chamber 3,Stage B,324,52.4,664.2,2.369,2.369,2.308,3.294,65.27,59.45,158.39,16.2,32.37,8.7,925.3,True
W3_0325,325,Chamber 3,Stage A,325,52.5,668.5,3.771,3.707,3.654,5.156,91.36,85.99,218.83,19.15,40.7,8.4,2089.2,True
W3_0326,326,Chamber 3,Stage A,326,52.6,663.7,3.785,3.695,3.65,5.122,91.76,85.53,219.92,19.18,41.25,8.44,2050.5,True
W3_0327,327,Chamber 3,Stage A,327,52.7,661.5,3.778,3.687,3.635,5.183,91.85,86.63,221.1,19.04,41.4,8.44,2103.4,True
W3_0328,328,Chamber 3,Stage B,328,52.8,659.4,2.401,2.326,2.339,3.266,65.25,59.8,161.67,16.26,31.55,8.64,918.2,True
W3_0329,329,Chamber 3,Stage A,329,52.9,660.3,3.787,3.761,3.636,5.185,91.79,86.4,224.12,19.07,41.87,8.34,2085.5,True
W3_0330,330,Chamber 3,Stage A,330,53.0,654.8,3.801,3.673,3.682,5.03,91.83,86.48,219.29,19.0,40.97,8.4,2082.0,True
W3_0331,331,Chamber 3,Stage A,331,53.1,650.2,3.763,3.743,3.662,5.112,91.88,86.19,222.38,19.18,41.3,8.46,2076.9,True
W3_0332,332,Chamber 3,Stage B,332,53.2,652.8,2.386,2.362,2.359,3.216,65.32,59.87,160.22,16.23,31.86,8.73,963.5,True
W3_0333,333,Chamber 3,Stage A,333,53.3,657.2,3.766,3.699,3.669,5.18,92.01,86.99,221.65,18.97,40.34,8.46,2068.9,True
W3_0334,334,Chamber 3,Stage A,334,53.4,653.0,3.844,3.743,3.613,5.096,92.5,85.77,222.24,19.03,40.76,8.57,2082.1,True
W3_0335,335,Chamber 3,Stage A,335,53.5,648.8,3.773,3.716,3.649,5.163,91.64,85.47,221.35,18.96,41.16,8.27,2045.8,True
W3_0336,336,Chamber 3,Stage B,336,53.6,643.4,2.384,2.353,2.326,3.23,64.63,59.88,162.83,16.14,32.03,8.75,945.1,True
W3_0337,337,Chamber 3,Stage A,337,53.7,643.1,3.747,3.742,3.62,5.061,91.47,86.24,220.28,19.04,40.86,8.62,2042.3,True
W3_0338,338,Chamber 3,Stage A,338,53.8,649.0,3.771,3.736,3.68,5.089,92.51,86.05,220.48,18.91,40.34,8.25,2062.2,True
W3_0339,339,Chamber 3,Stage A,339,53.9,640.9,3.822,3.697,3.649,5.254,91.5,86.21,219.35,19.25,41.16,8.61,2090.4,True
W3_0340,340,Chamber 3,Stage B,340,54.0,635.8,2.424,2.334,2.305,3.231,65.32,60.48,159.78,16.26,32.58,8.73,927.7,True
W3_0341,341,Chamber 3,Stage A,341,54.1,633.1,3.828,3.688,3.668,5.076,92.33,86.01,222.67,19.2,41.85,8.67,2047.4,True
W3_0342,342,Chamber 3,Stage A,342,54.2,634.6,3.737,3.691,3.65,5.102,91.93,86.2,219.39,18.93,40.43,8.33,2060.4,True
W3_0343,343,Chamber 3,Stage A,343,54.3,634.7,3.853,3.767,3.631,5.074,91.98,86.46,219.02,19.12,41.19,8.64,2083.6,True
W3_0344,344,Chamber 3,Stage B,344,54.4,634.4,2.379,2.341,2.302,3.162,65.31,59.81,154.43,16.12,32.39,8.5,906.6,True
W3_0345,345,Chamber 3,Stage A,345,54.5,632.2,3.78,3.701,3.663,5.078,91.42,86.69,221.16,19.08,40.94,8.46,2035.0,True
W3_0346,346,Chamber 3,Stage A,346,54.6,627.0,3.785,3.718,3.653,5.13,92.29,86.19,216.98,18.88,41.26,8.3,2047.8,True
W3_0347,347,Chamber 3,Stage A,347,54.7,633.2,3.783,3.729,3.69,5.153,91.68,87.1,220.16,19.35,41.29,8.41,2047.6,True
W3_0348,348,Chamber 3,Stage B,348,54.8,628.2,2.406,2.391,2.361,3.183,65.51,59.44,157.91,16.26,32.21,8.38,938.5,True
W3_0349,349,Chamber 3,Stage A,349,54.9,624.3,3.82,3.757,3.703,5.129,91.79,86.25,217.71,19.03,41.28,8.4,2040.0,True
W3_0350,350,Chamber 3,Stage A,350,55.0,626.7,3.834,3.758,3.651,5.23,91.96,85.94,214.87,19.03,41.67,8.43,2059.4,True
W3_0351,351,Chamber 3,Stage A,351,55.1,619.4,3.8,3.656,3.655,5.168,91.62,85.9,217.69,19.22,41.03,8.11,2035.9,True
W3_0352,352,Chamber 3,Stage B,352,55.2,617.6,2.398,2.369,2.333,3.256,65.44,59.88,158.01,16.11,31.74,8.49,934.8,True
W3_0353,353,Chamber 3,Stage A,353,55.3,618.7,3.795,3.713,3.694,5.193,91.51,85.79,221.7,18.91,40.41,8.59,2025.6,True
W3_0354,354,Chamber 3,Stage A,354,55.4,616.6,3.851,3.703,3.617,5.125,92.41,85.42,222.91,18.97,40.03,8.47,2030.2,True
W3_0355,355,Chamber 3,Stage A,355,55.5,614.9,3.773,3.714,3.633,5.125,91.73,85.39,225.46,18.76,40.16,8.3,2015.7,True
W3_0356,356,Chamber 3,Stage B,356,55.6,611.8,2.438,2.364,2.3,3.193,65.6,60.37,157.51,16.33,32.02,8.51,942.0,True
W3_0357,357,Chamber 3,Stage A,357,55.7,610.4,3.792,3.769,3.676,5.134,91.35,86.14,221.4,19.0,40.77,8.09,2020.5,True
W3_0358,358,Chamber 3,Stage A,358,55.8,601.1,3.842,3.711,3.677,5.09,92.3,86.0,220.7,18.94,40.33,8.5,2046.6,True
W3_0359,359,Chamber 3,Stage A,359,55.9,611.7,3.784,3.722,3.623,5.095,92.11,86.4,218.08,18.9,39.75,8.41,2036.2,True
W3_0360,360,Chamber 3,Stage B,360,56.0,603.3,2.374,2.314,2.305,3.281,65.06,60.12,162.28,16.16,32.39,8.39,889.0,True
W3_0361,361,Chamber 3,Stage A,361,56.1,610.4,3.772,3.735,3.621,5.144,91.71,85.15,220.61,18.9,40.56,8.52,2007.1,True
W3_0362,362,Chamber 3,Stage A,362,56.2,603.0,3.8,3.737,3.638,5.053,92.39,86.36,221.42,19.22,41.29,8.47,2043.6,True
W3_0363,363,Chamber 3,Stage A,363,56.3,595.2,3.761,3.729,3.656,5.165,92.54,85.96,224.2,18.83,40.65,8.24,2016.3,True
W3_0364,364,Chamber 3,Stage B,364,56.4,605.3,2.395,2.353,2.338,3.165,65.36,60.04,162.06,16.02,31.45,8.44,924.8,True
W3_0365,365,Chamber 3,Stage A,365,56.5,596.1,3.783,3.743,3.602,5.139,92.27,85.42,219.59,18.65,40.01,8.61,2013.5,True
W3_0366,366,Chamber 3,Stage A,366,56.6,590.2,3.748,3.74,3.646,5.132,92.44,86.3,223.84,18.93,40.43,8.52,2029.2,True
W3_0367,367,Chamber 3,Stage A,367,56.7,601.6,3.8,3.772,3.641,5.177,92.2,86.38,218.38,18.97,40.37,8.38,2027.0,True
W3_0368,368,Chamber 3,Stage B,368,56.8,594.1,2.412,2.371,2.339,3.192,64.93,60.97,159.84,16.32,31.79,8.67,923.8,True
W3_0369,369,Chamber 3,Stage A,369,56.9,593.5,3.777,3.69,3.634,5.125,92.47,86.73,222.79,18.87,40.23,8.63,1997.9,True
W3_0370,370,Chamber 3,Stage A,370,57.0,590.0,3.822,3.74,3.679,5.085,92.37,85.72,218.12,19.13,41.38,8.58,2022.5,True
W3_0371,371,Chamber 3,Stage A,371,57.1,589.3,3.766,3.687,3.646,5.134,92.0,86.27,219.57,18.92,41.11,8.58,2028.0,True
W3_0372,372,Chamber 3,Stage B,372,57.2,585.6,2.394,2.325,2.261,3.19,64.65,60.16,158.95,16.44,32.04,8.53,875.7,True
W3_0373,373,Chamber 3,Stage A,373,57.3,590.5,3.784,3.752,3.581,5.058,91.96,86.62,220.45,18.75,40.73,8.3,1981.3,True
W3_0374,374,Chamber 3,Stage A,374,57.4,581.0,3.83,3.762,3.619,5.054,92.05,86.13,220.73,18.67,40.39,8.72,2019.0,True
W3_0375,375,Chamber 3,Stage A,375,57.5,575.3,3.776,3.706,3.605,5.132,91.69,86.31,221.28,19.09,40.83,8.75,1971.0,True
W3_0376,376,Chamber 3,Stage B,376,57.6,573.8,2.406,2.309,2.378,3.313,65.87,60.02,161.1,16.01,31.81,8.43,900.2,True
W3_0377,377,Chamber 3,Stage A,377,57.7,579.8,3.844,3.778,3.606,5.195,92.38,85.37,219.22,19.04,40.62,8.41,1988.7,True
W3_0378,378,Chamber 3,Stage A,378,57.8,576.9,3.793,3.708,3.642,5.232,91.83,85.58,221.17,18.72,40.74,8.48,1973.1,True
W3_0379,379,Chamber 3,Stage A,379,57.9,568.9,3.852,3.674,3.656,5.234,92.05,85.51,218.76,19.17,40.99,8.53,1963.4,True
W3_0380,380,Chamber 3,Stage B,380,58.0,575.2,2.386,2.395,2.306,3.254,65.11,60.44,158.78,16.09,32.46,8.6,891.9,True
W3_0381,381,Chamber 3,Stage A,381,58.1,572.1,3.802,3.734,3.655,5.075,92.65,86.36,222.72,19.13,40.96,8.42,2016.4,True
W3_0382,382,Chamber 3,Stage A,382,58.2,572.2,3.754,3.777,3.665,5.1,92.16,85.4,222.11,19.02,40.63,8.28,1984.0,True
W3_0383,383,Chamber 3,Stage A,383,58.3,566.8,3.799,3.723,3.651,5.121,91.33,85.69,220.49,18.8,40.39,8.46,1962.3,True
W3_0384,384,Chamber 3,Stage B,384,58.4,567.4,2.4,2.364,2.299,3.189,64.44,61.04,157.74,16.28,32.15,8.42,891.1,True
W3_0385,385,Chamber 3,Stage A,385,58.5,561.2,3.802,3.715,3.655,5.183,91.99,85.99,222.14,19.2,40.65,8.64,1985.9,True
W3_0386,386,Chamber 3,Stage A,386,58.6,565.7,3.808,3.756,3.623,5.152,92.35,85.57,219.72,18.83,40.08,8.55,1988.4,True
W3_0387,387,Chamber 3,Stage A,387,58.7,560.1,3.774,3.744,3.623,5.049,91.85,86.45,221.31,18.89,40.32,8.5,1954.6,True
W3_0388,388,Chamber 3,Stage B,388,58.8,561.6,2.394,2.311,2.279,3.261,65.0,59.88,158.18,16.07,31.79,8.74,881.8,True
W3_0389,389,Chamber 3,Stage A,389,58.9,562.5,3.759,3.724,3.684,5.218,91.95,86.02,224.42,18.95,40.18,8.67,1953.2,True
W3_0390,390,Chamber 3,Stage A,390,59.0,559.9,3.81,3.74,3.64,5.099,92.58,85.9,219.18,18.91,40.42,8.49,1966.4,True
W3_0391,391,Chamber 3,Stage A,391,59.1,560.4,3.773,3.671,3.589,5.056,92.54,86.01,221.0,18.99,40.44,8.58,1950.1,True
W3_0392,392,Chamber 3,Stage B,392,59.2,553.3,2.419,2.333,2.289,3.204,65.49,59.84,158.4,16.37,31.99,8.55,901.8,True
W3_0393,393,Chamber 3,Stage A,393,59.3,555.5,3.758,3.709,3.669,5.071,92.86,86.01,220.1,19.2,40.43,8.4,1984.8,True
W3_0394,394,Chamber 3,Stage A,394,59.4,546.1,3.758,3.73,3.684,5.16,91.6,85.74,219.1,19.13,40.47,8.41,1933.2,True
W3_0395,395,Chamber 3,Stage A,395,59.5,550.8,3.74,3.708,3.693,5.143,91.52,86.41,222.46,19.19,41.47,8.52,1940.1,True
W3_0396,396,Chamber 3,Stage B,396,59.6,547.7,2.407,2.368,2.283,3.246,64.67,59.14,162.0,16.2,31.96,8.27,872.8,True
W3_0397,397,Chamber 3,Stage A,397,59.7,548.6,3.814,3.746,3.7,5.142,92.03,85.64,220.87,18.89,40.74,8.6,1975.9,True
W3_0398,398,Chamber 3,Stage A,398,59.8,548.7,3.827,3.728,3.617,5.099,92.24,86.98,219.32,18.81,40.16,8.57,1933.2,True
W3_0399,399,Chamber 3,Stage A,399,59.9,534.0,3.733,3.716,3.613,5.086,92.55,86.08,218.07,18.81,40.16,8.41,1966.4,True
W3_0400,400,Chamber 3,Stage B,400,60.0,545.9,2.399,2.343,2.332,3.258,65.24,60.14,158.14,16.35,32.33,8.68,891.8,True
W3_0401,401,Chamber 3,Stage A,401,60.1,532.8,3.811,3.717,3.648,5.129,91.79,86.65,220.59,18.85,41.61,8.51,1939.6,True
W3_0402,402,Chamber 3,Stage A,402,60.2,536.1,3.793,3.731,3.634,5.103,92.06,85.8,220.62,19.08,41.0,8.67,1945.5,True
W3_0403,403,Chamber 3,Stage A,403,60.3,533.5,3.777,3.712,3.632,5.167,92.14,86.28,217.68,18.8,40.01,8.71,1975.2,True
W3_0404,404,Chamber 3,Stage B,404,60.4,532.8,2.39,2.346,2.3,3.201,65.06,60.43,160.63,16.16,31.67,8.33,898.5,True
W3_0405,405,Chamber 3,Stage A,405,60.5,530.3,3.797,3.777,3.674,5.159,92.78,86.2,216.03,18.61,40.27,8.62,1954.8,True
W3_0406,406,Chamber 3,Stage A,406,60.6,529.8,3.777,3.714,3.679,5.094,92.22,85.61,219.62,18.83,39.74,8.55,1951.6,True
W3_0407,407,Chamber 3,Stage A,407,60.7,534.2,3.786,3.729,3.65,5.142,90.99,85.57,218.31,18.9,40.62,8.52,1898.8,True
W3_0408,408,Chamber 3,Stage B,408,60.8,526.6,2.438,2.314,2.314,3.21,65.06,60.42,164.26,16.21,31.85,8.61,899.7,True
W3_0409,409,Chamber 3,Stage A,409,60.9,520.6,3.773,3.675,3.663,5.142,91.74,86.41,219.16,18.89,40.31,8.48,1939.7,True
W3_0410,410,Chamber 3,Stage A,410,61.0,525.4,3.815,3.729,3.653,5.174,92.02,86.19,221.43,18.93,40.57,8.42,1931.2,True
W3_0411,411,Chamber 3,Stage A,411,61.1,520.7,3.802,3.736,3.647,5.05,92.01,86.03,220.49,18.73,40.27,8.41,1932.8,True
W3_0412,412,Chamber 3,Stage B,412,61.2,528.0,2.4,2.339,2.275,3.264,64.76,60.07,160.82,16.04,32.35,8.41,874.3,True
W3_0413,413,Chamber 3,Stage A,413,61.3,515.3,3.824,3.715,3.646,5.088,92.35,86.23,218.97,18.77,40.36,8.34,1935.0,True
W3_0414,414,Chamber 3,Stage A,414,61.4,516.5,3.756,3.753,3.649,5.175,91.85,85.91,221.43,19.02,40.61,8.61,1933.9,True
W3_0415,415,Chamber 3,Stage A,415,61.5,515.8,3.785,3.764,3.628,5.161,91.98,85.26,222.26,18.7,39.86,8.09,1903.7,True
W3_0416,416,Chamber 3,Stage B,416,61.6,512.7,2.324,2.373,2.311,3.238,65.01,60.2,159.94,16.13,32.52,8.22,858.3,True
W3_0417,417,Chamber 3,Stage A,417,61.7,511.2,3.832,3.659,3.633,5.042,91.89,85.81,220.16,18.81,40.28,8.41,1913.4,True
W3_0418,418,Chamber 3,Stage A,418,61.8,509.1,3.783,3.72,3.663,5.021,92.16,86.12,220.12,18.77,39.42,8.48,1916.0,True
W3_0419,419,Chamber 3,Stage A,419,61.9,511.6,3.801,3.735,3.668,5.119,92.17,86.67,222.01,18.76,40.82,8.85,1931.9,True
W3_0420,420,Chamber 3,Stage B,420,62.0,506.8,2.385,2.355,2.331,3.204,65.67,59.45,163.88,16.11,31.73,8.65,865.5,True
W3_0421,421,Chamber 3,Stage A,421,62.1,500.6,3.838,3.783,3.654,5.088,91.78,85.93,217.94,19.06,41.38,8.32,1934.7,True
W3_0422,422,Chamber 3,Stage A,422,62.2,500.3,3.767,3.7,3.698,5.117,91.02,86.48,219.39,18.86,40.41,8.22,1926.5,True
W3_0423,423,Chamber 3,Stage A,423,62.3,505.2,3.801,3.703,3.602,5.174,92.19,86.11,220.85,18.85,40.01,8.4,1921.0,True
W3_0424,424,Chamber 3,Stage B,424,62.4,500.1,2.401,2.36,2.304,3.189,65.01,59.47,159.75,16.19,31.67,8.75,846.0,True
W3_0425,425,Chamber 3,Stage A,425,62.5,503.7,3.831,3.744,3.723,5.19,92.08,86.27,219.6,19.05,41.38,8.33,1929.6,True
W3_0426,426,Chamber 3,Stage A,426,62.6,499.2,3.825,3.68,3.655,5.122,92.45,86.41,222.64,18.73,40.51,8.33,1883.7,True
W3_0427,427,Chamber 3,Stage A,427,62.7,488.2,3.784,3.778,3.657,5.138,91.85,86.64,220.72,18.71,40.19,8.44,1924.8,True
W3_0428,428,Chamber 3,Stage B,428,62.8,496.8,2.396,2.37,2.314,3.204,65.26,59.65,159.96,16.3,31.72,8.6,861.0,True
W3_0429,429,Chamber 3,Stage A,429,62.9,494.8,3.846,3.758,3.682,5.14,92.32,86.09,217.58,18.93,40.84,8.55,1904.4,True
W3_0430,430,Chamber 3,Stage A,430,63.0,485.3,3.761,3.768,3.641,5.142,92.22,86.24,217.18,18.83,40.33,8.62,1890.0,True
W3_0431,431,Chamber 3,Stage A,431,63.1,487.9,3.852,3.769,3.662,5.119,91.92,86.3,223.52,18.6,40.61,8.41,1895.1,True
W3_0432,432,Chamber 3,Stage B,432,63.2,488.4,2.353,2.385,2.33,3.211,65.51,60.58,159.77,16.31,32.46,8.43,883.1,True
W3_0433,433,Chamber 3,Stage A,433,63.3,496.2,3.785,3.726,3.679,5.03,91.88,86.55,218.98,18.97,40.91,8.73,1888.5,True
W3_0434,434,Chamber 3,Stage A,434,63.4,490.7,3.856,3.728,3.63,5.136,92.1,85.5,220.16,18.79,39.99,8.7,1878.0,True
W3_0435,435,Chamber 3,Stage A,435,63.5,489.7,3.779,3.737,3.639,5.115,91.75,86.28,221.7,18.73,39.97,8.49,1875.9,True
W3_0436,436,Chamber 3,Stage B,436,63.6,483.8,2.353,2.285,2.282,3.276,64.58,59.61,161.9,16.07,31.93,8.57,824.5,True
W3_0437,437,Chamber 3,Stage A,437,63.7,491.2,3.76,3.66,3.635,5.177,92.1,86.34,215.97,18.96,40.04,8.55,1860.5,True
W3_0438,438,Chamber 3,Stage A,438,63.8,474.7,3.735,3.765,3.636,5.049,91.79,86.11,222.07,19.1,40.49,8.76,1875.1,True
W3_0439,439,Chamber 3,Stage A,439,63.9,475.1,3.794,3.703,3.649,5.094,91.59,86.19,221.26,18.94,40.68,8.47,1877.4,True
W3_0440,440,Chamber 3,Stage B,440,64.0,474.3,2.403,2.276,2.305,3.149,64.51,59.47,157.91,16.11,31.8,8.42,803.5,True
W3_0441,441,Chamber 3,Stage A,441,64.1,480.0,3.81,3.714,3.646,5.14,92.31,85.37,219.51,19.04,41.05,8.73,1891.8,True
W3_0442,442,Chamber 3,Stage A,442,64.2,475.6,3.796,3.695,3.64,5.285,91.37,85.81,217.17,18.47,39.73,8.52,1861.5,True
W3_0443,443,Chamber 3,Stage A,443,64.3,470.0,3.788,3.72,3.643,5.139,91.98,86.31,222.47,18.66,40.47,8.38,1836.6,True
W3_0444,444,Chamber 3,Stage B,444,64.4,468.2,2.415,2.33,2.287,3.202,64.65,60.28,157.64,16.18,31.18,8.46,832.0,True
W3_0445,445,Chamber 3,Stage A,445,64.5,470.6,3.755,3.702,3.671,5.259,91.21,85.92,220.82,18.9,40.2,8.41,1838.2,True
W3_0446,446,Chamber 3,Stage A,446,64.6,467.4,3.78,3.713,3.676,5.079,92.03,85.27,217.82,18.75,39.72,8.56,1843.8,True
W3_0447,447,Chamber 3,Stage A,447,64.7,464.3,3.806,3.737,3.685,5.146,92.62,86.36,218.95,18.94,40.43,8.69,1894.2,True
W3_0448,448,Chamber 3,Stage B,448,64.8,467.6,2.455,2.385,2.32,3.189,64.93,60.03,161.39,16.25,31.94,8.6,839.0,True
W3_0449,449,Chamber 3,Stage A,449,64.9,462.5,3.739,3.768,3.647,5.18,92.15,86.14,221.11,18.68,40.47,8.62,1854.5,True
W3_0450,450,Chamber 3,Stage A,450,65.0,453.3,3.83,3.738,3.636,5.175,91.73,86.7,219.83,18.73,39.94,8.27,1891.1,True
